platform,media_id,title,publication_date,duration_seconds,url,candidate_disposition,matched_master_id,matched_master_date,match_score
youtube,xyOzrfyTWq4,"""Is This Love?"" game with Crystal Joy",,449,https://www.youtube.com/watch?v=xyOzrfyTWq4,supporting-clip-needs-episode-link,,,0.48
youtube,YgfMUC2xk2Q,$20 and a Dilly Bar,,4820,https://www.youtube.com/watch?v=YgfMUC2xk2Q,likely-existing-episode-or-supporting-source,ep-009-d565002b68,2023-05-11,1.0
youtube,SojQCJuFTiM,06/28 Question - Atmosphere for Unbelievers,,90,https://www.youtube.com/watch?v=SojQCJuFTiM,supporting-clip-needs-episode-link,,,0.43
youtube,A_lRkxzFZI0,1 Year Compilation,,378,https://www.youtube.com/watch?v=A_lRkxzFZI0,supporting-clip-needs-episode-link,,,0.529
youtube,KBvQB0ocjfs,12 to 13 Mistakes From Wildin,,5307,https://www.youtube.com/watch?v=KBvQB0ocjfs,likely-existing-episode-or-supporting-source,ep-005-ba147a8b5d,2022-03-15,1.0
youtube,jPq2278wFW0,14 to 25 Mistakes From Wildin’,,5922,https://www.youtube.com/watch?v=jPq2278wFW0,likely-existing-episode-or-supporting-source,ep-007-6958a2d9cc,2022-04-04,1.0
youtube,rpAbL58hPbo,2 Year Anniversary Video,,308,https://www.youtube.com/watch?v=rpAbL58hPbo,supporting-clip-needs-episode-link,,,0.471
youtube,8BUK8yMd7t8,2012 Christmas Extravaganza,,3416,https://www.youtube.com/watch?v=8BUK8yMd7t8,long-form-needs-date-reconciliation,,,0.481
youtube,u2C9kd90MiA,2015 Opening,,60,https://www.youtube.com/watch?v=u2C9kd90MiA,supporting-clip-needs-episode-link,,,0.5
youtube,-NrqQogfNCY,2021 Episode 14 | The Heavy,,5415,https://www.youtube.com/watch?v=-NrqQogfNCY,likely-existing-episode-or-supporting-source,ep-014-93b25ad8a9,2021-06-23,1.0
youtube,hSZJdTlCW4I,2021 Episode 15 | Rebuilding Tower of Babel,,5415,https://www.youtube.com/watch?v=hSZJdTlCW4I,likely-existing-episode-or-supporting-source,ep-015-e04ab2e09a,2021-07-19,1.0
youtube,12dWWW9Dbec,2022 Episode 11 | Live From The Path,,69,https://www.youtube.com/watch?v=12dWWW9Dbec,likely-existing-episode-or-supporting-source,ep-011-c2cb878d4b,2022-05-16,1.0
youtube,9bKfdIT27Xc,2022 Episode 25 | John Paul Burch,,5585,https://www.youtube.com/watch?v=9bKfdIT27Xc,likely-existing-episode-or-supporting-source,ep-025-25fbab51ce,2022-10-05,1.0
youtube,A6q9u6NUXo4,2024 Episode539,,5469,https://www.youtube.com/watch?v=A6q9u6NUXo4,long-form-needs-date-reconciliation,,,0.522
youtube,OYUfFJ9IVSU,3 Songwriters Walk Into a Show,,4771,https://www.youtube.com/watch?v=OYUfFJ9IVSU,likely-existing-episode-or-supporting-source,ep-010-eae4cd9b9a,2025-05-06,1.0
youtube,tVAx1ByVg5E,30 Below - All This Time,,184,https://www.youtube.com/watch?v=tVAx1ByVg5E,supporting-clip-needs-episode-link,,,0.512
youtube,Zoe_lsWC76k,5 Ways You're Reading Revelation Wrong,,1138,https://www.youtube.com/watch?v=Zoe_lsWC76k,supporting-clip-needs-episode-link,,,0.774
youtube,XrKhVbjQuUk,500-ish,,5618,https://www.youtube.com/watch?v=XrKhVbjQuUk,likely-existing-episode-or-supporting-source,ep-008-998bae9fb4,2023-04-28,1.0
youtube,RxiaFattnMc,500-ish | 2023 Episode 08,,5587,https://www.youtube.com/watch?v=RxiaFattnMc,likely-existing-episode-or-supporting-source,ep-008-998bae9fb4,2023-04-28,1.0
youtube,huaAuEAIuvQ,7/5 Question,,165,https://www.youtube.com/watch?v=huaAuEAIuvQ,supporting-clip-needs-episode-link,,,0.5
youtube,riZNWzliSeM,A Bit Cavalier,,5572,https://www.youtube.com/watch?v=riZNWzliSeM,likely-existing-episode-or-supporting-source,ep-017-4da0d85c53,2023-08-07,1.0
youtube,y-r6_L7DoLQ,"A Broader Perspective: Don't Know Jesus, Can't See The Car",,129,https://www.youtube.com/watch?v=y-r6_L7DoLQ,supporting-clip-needs-episode-link,,,0.477
youtube,dSWbLfBOe0g,A Christian Mid-Life Crisis,,5975,https://www.youtube.com/watch?v=dSWbLfBOe0g,likely-existing-episode-or-supporting-source,ep-007-7e7fa93ff6,2025-04-15,1.0
youtube,MVibYKpytOc,A Confession,,4383,https://www.youtube.com/watch?v=MVibYKpytOc,likely-existing-episode-or-supporting-source,ep-001-452c2f0173,2024-01-16,1.0
youtube,yRDXpWyMo3k,A Confession | 2024 Episode 01,,4379,https://www.youtube.com/watch?v=yRDXpWyMo3k,likely-existing-episode-or-supporting-source,ep-001-452c2f0173,2024-01-16,1.0
youtube,ikMU1lqgeNY,A Gray Area,,5171,https://www.youtube.com/watch?v=ikMU1lqgeNY,likely-existing-episode-or-supporting-source,ep-024-7a7648d733,2023-10-31,1.0
youtube,sxa3p2o8W0w,A Sad Little Church Joke by Ben,,68,https://www.youtube.com/watch?v=sxa3p2o8W0w,supporting-clip-needs-episode-link,,,0.471
youtube,P2Z2DcsI5aA,A little advice on contentment and budgeting,,95,https://www.youtube.com/watch?v=P2Z2DcsI5aA,supporting-clip-needs-episode-link,,,0.474
youtube,JbzVct5nZPo,"Acid, Stupidity and Russia",,3728,https://www.youtube.com/watch?v=JbzVct5nZPo,likely-existing-episode-or-supporting-source,ep-008-0668d205b8,2022-04-04,1.0
youtube,iZz0-FVd3r0,Adam Cates - Can You Hear Me Jesus,,238,https://www.youtube.com/watch?v=iZz0-FVd3r0,supporting-clip-needs-episode-link,,,0.554
youtube,MHL77IIdEG0,Adam Cates - January,,206,https://www.youtube.com/watch?v=MHL77IIdEG0,supporting-clip-needs-episode-link,,,0.429
youtube,Xp69V5eb2z0,Adam Cates - Stay,,327,https://www.youtube.com/watch?v=Xp69V5eb2z0,supporting-clip-needs-episode-link,,,0.444
youtube,HuWDk9fVt18,Adam Cates - Take Me Jesus,,240,https://www.youtube.com/watch?v=HuWDk9fVt18,supporting-clip-needs-episode-link,,,0.549
youtube,FxtVU8AyIiY,Adam Cates - Take Me Jesus (II),,285,https://www.youtube.com/watch?v=FxtVU8AyIiY,supporting-clip-needs-episode-link,,,0.519
youtube,2n7L9X9pKko,Adam Cates - Why Me,,147,https://www.youtube.com/watch?v=2n7L9X9pKko,supporting-clip-needs-episode-link,,,0.438
youtube,RJA0Ri1EywY,Adam Cates - You Gave It All,,316,https://www.youtube.com/watch?v=RJA0Ri1EywY,supporting-clip-needs-episode-link,,,0.489
youtube,8ZTGs__ya88,Advice: Do I Tell My Potential Employer I'm Constantly Late?,,221,https://www.youtube.com/watch?v=8ZTGs__ya88,supporting-clip-needs-episode-link,,,0.377
youtube,h4__XP_e6Ko,Advice: Feeling Distant From God,,598,https://www.youtube.com/watch?v=h4__XP_e6Ko,supporting-clip-needs-episode-link,,,0.548
youtube,qVfwMK01iQw,Advice: How Do I Make Things Right?,,851,https://www.youtube.com/watch?v=qVfwMK01iQw,supporting-clip-needs-episode-link,,,0.557
youtube,XWpFKgJ_5W4,Affirming the Nasty Part,,4700,https://www.youtube.com/watch?v=XWpFKgJ_5W4,likely-existing-episode-or-supporting-source,ep-003-173e77548e,2025-02-04,1.0
youtube,7hknQXuKV8E,Afraid To Tell Others About Jesus,,458,https://www.youtube.com/watch?v=7hknQXuKV8E,supporting-clip-needs-episode-link,,,0.525
youtube,I1T3rLI67F4,Ahhh Hell,,4722,https://www.youtube.com/watch?v=I1T3rLI67F4,likely-existing-episode-or-supporting-source,ep-030-63cdcb257e,2022-12-05,1.0
youtube,atodz5kQ3Mc,All Five Sentences,,5340,https://www.youtube.com/watch?v=atodz5kQ3Mc,likely-existing-episode-or-supporting-source,ep-015-959aef9462,2023-07-14,1.0
youtube,je0tcnzyQF8,All In Good Time | Kevin Lindgren,,280,https://www.youtube.com/watch?v=je0tcnzyQF8,supporting-clip-needs-episode-link,,,0.531
youtube,noE_snnmYt8,Allie Crummy - I'll Have Peace,,214,https://www.youtube.com/watch?v=noE_snnmYt8,supporting-clip-needs-episode-link,,,0.623
youtube,1mVfSNf7HaU,Allie Crummy - Our God is Compassionate,,240,https://www.youtube.com/watch?v=1mVfSNf7HaU,supporting-clip-needs-episode-link,,,0.543
youtube,ItnNgLdTf8w,Allie Crummy - Out of My Head,,194,https://www.youtube.com/watch?v=ItnNgLdTf8w,supporting-clip-needs-episode-link,,,0.5
youtube,XsLLKUfeRK4,An Introduction to Live From The Path,,121,https://www.youtube.com/watch?v=XsLLKUfeRK4,supporting-clip-needs-episode-link,,,0.556
youtube,acasgoJ0DMw,Andy and Kelly   Whistling Righteousness,,145,https://www.youtube.com/watch?v=acasgoJ0DMw,supporting-clip-needs-episode-link,,,0.484
youtube,eMF6G38gCww,Angels We Have Heard on High - Jeff Arrandale,,248,https://www.youtube.com/watch?v=eMF6G38gCww,supporting-clip-needs-episode-link,,,0.423
youtube,Ed4d_SW8xUw,Angels and Blessings,,5677,https://www.youtube.com/watch?v=Ed4d_SW8xUw,likely-existing-episode-or-supporting-source,ep-011-a9eda16cb8,2024-04-23,1.0
youtube,7jRwCIJi7B4,Angels and Blessings | 2024 Episode11,,5676,https://www.youtube.com/watch?v=7jRwCIJi7B4,likely-existing-episode-or-supporting-source,ep-011-a9eda16cb8,2024-04-23,1.0
youtube,XwPM8OVG22Q,Annoying Church Behavior - Answering The Phone,,178,https://www.youtube.com/watch?v=XwPM8OVG22Q,supporting-clip-needs-episode-link,,,0.453
youtube,xv1pt7s-HNk,Anthem Lights - Can't Shut Up,,235,https://www.youtube.com/watch?v=xv1pt7s-HNk,supporting-clip-needs-episode-link,,,0.436
youtube,t1PDEQJys-M,Anthem Lights Interview,,393,https://www.youtube.com/watch?v=t1PDEQJys-M,supporting-clip-needs-episode-link,,,0.526
youtube,bRyRNV8biQI,Archers and Illuminators - Footsteps,,184,https://www.youtube.com/watch?v=bRyRNV8biQI,supporting-clip-needs-episode-link,,,0.469
youtube,f-V2VLZgnDk,Archers and Illuminators - Here With You,,182,https://www.youtube.com/watch?v=f-V2VLZgnDk,supporting-clip-needs-episode-link,,,0.456
youtube,NGAwFweU6F8,Are Doers the Key to Spreading the Gospel? ⛪️🌍,,71,https://www.youtube.com/watch?v=NGAwFweU6F8,supporting-clip-needs-episode-link,,,0.447
youtube,opgb_kUtIrQ,Are We Ready | 2024 Episode 34,,4823,https://www.youtube.com/watch?v=opgb_kUtIrQ,likely-existing-episode-or-supporting-source,ep-034-913154211b,2024-12-17,1.0
youtube,VPoc8dSBthQ,Are We Ready?,,4846,https://www.youtube.com/watch?v=VPoc8dSBthQ,likely-existing-episode-or-supporting-source,ep-034-913154211b,2024-12-17,1.0
youtube,z0JSIyPpXdg,Are You Flawless As Your True Self?,,52,https://www.youtube.com/watch?v=z0JSIyPpXdg,supporting-clip-needs-episode-link,,,0.437
youtube,0yfEETah5Aw,Are we called to grace or obedience?,,482,https://www.youtube.com/watch?v=0yfEETah5Aw,supporting-clip-needs-episode-link,,,0.444
youtube,gXjtwf9ZYr0,Are you in an Inappropriate Online Relationship?,,1217,https://www.youtube.com/watch?v=gXjtwf9ZYr0,long-form-needs-date-reconciliation,,,0.426
youtube,_osvUZ4Ge1c,Arms Of Love - Tim Cooper and Friends,,233,https://www.youtube.com/watch?v=_osvUZ4Ge1c,supporting-clip-needs-episode-link,,,0.554
youtube,Dizlt9ArPWE,Artificial Holy Spirit Intelligence,,5855,https://www.youtube.com/watch?v=Dizlt9ArPWE,likely-existing-episode-or-supporting-source,ep-033-534d108a0c,2024-12-03,1.0
youtube,ZREObHZs6Hw,Asking AI Lamech,,5975,https://www.youtube.com/watch?v=ZREObHZs6Hw,likely-existing-episode-or-supporting-source,ep-009-09625fdaa1,2024-04-02,1.0
youtube,gAHxSg_wtBE,Atheist Convention,,429,https://www.youtube.com/watch?v=gAHxSg_wtBE,supporting-clip-needs-episode-link,,,0.6
youtube,Ei2Kbj6NOws,Bad Things vs. Good People,,631,https://www.youtube.com/watch?v=Ei2Kbj6NOws,supporting-clip-needs-episode-link,,,0.553
youtube,EVWjiYkBB2M,Ballad of Vince Parsons,,4552,https://www.youtube.com/watch?v=EVWjiYkBB2M,likely-existing-episode-or-supporting-source,ep-001-e960c2cbd9,2025-01-07,1.0
youtube,Ht64D_ukr80,Be Lifted High - On This Rock,,317,https://www.youtube.com/watch?v=Ht64D_ukr80,supporting-clip-needs-episode-link,,,0.491
youtube,ToENj9Clf8U,Beards and Hiding Things on the Gas Station tab,,604,https://www.youtube.com/watch?v=ToENj9Clf8U,supporting-clip-needs-episode-link,,,0.494
youtube,-VXTSUEEVDA,Because I Got High,,4960,https://www.youtube.com/watch?v=-VXTSUEEVDA,likely-existing-episode-or-supporting-source,ep-016-13854b18ce,2026-06-09,1.0
youtube,eraC0YZwirc,Because of Fussy and Fuzzy,,6916,https://www.youtube.com/watch?v=eraC0YZwirc,likely-existing-episode-or-supporting-source,ep-019-77383b667c,2023-09-02,1.0
youtube,Uzm3C9OnfgM,"Beg Your Pardon, Joel",,4782,https://www.youtube.com/watch?v=Uzm3C9OnfgM,likely-existing-episode-or-supporting-source,ep-026-134c99b825,2017-09-06,1.0
youtube,2m5mEFkMGtk,Being a Tool for Halloween,,3549,https://www.youtube.com/watch?v=2m5mEFkMGtk,likely-existing-episode-or-supporting-source,ep-026-e740f84b75,2021-10-28,1.0
youtube,UO0Mq0SLNd8,Being the Obedient Brother of the Prodigal Son,,149,https://www.youtube.com/watch?v=UO0Mq0SLNd8,supporting-clip-needs-episode-link,,,0.444
youtube,5b_OPryJFA0,BeliefNet.Org.Com,,5310,https://www.youtube.com/watch?v=5b_OPryJFA0,likely-existing-episode-or-supporting-source,ep-002-c44876e0d4,2025-01-14,1.0
youtube,lGlBLycgAf8,Bethany Joy Johnson - Lost,,238,https://www.youtube.com/watch?v=lGlBLycgAf8,supporting-clip-needs-episode-link,,,0.439
youtube,DfE6ob8smpI,Bethany Joy Johnson - Someday,,173,https://www.youtube.com/watch?v=DfE6ob8smpI,supporting-clip-needs-episode-link,,,0.436
youtube,eRE2RAqjN5E,Beware of Blog Commenters,,126,https://www.youtube.com/watch?v=eRE2RAqjN5E,supporting-clip-needs-episode-link,,,0.5
youtube,kuhfMfkL2Gc,Beyonce's Sister Attacks Jay Z - What would you do?,,248,https://www.youtube.com/watch?v=kuhfMfkL2Gc,supporting-clip-needs-episode-link,,,0.39
youtube,3J_TKT6yXKY,Beyond Despacito,,6021,https://www.youtube.com/watch?v=3J_TKT6yXKY,likely-existing-episode-or-supporting-source,ep-029-e78ba61e8c,2023-12-18,1.0
youtube,mJY5aYEIUYg,Beyond Despacito | 2023 Episode 29,,5988,https://www.youtube.com/watch?v=mJY5aYEIUYg,likely-existing-episode-or-supporting-source,ep-029-e78ba61e8c,2023-12-18,1.0
youtube,C89gv3Q4tyg,Big Questions - Doubting the Existence of God,,1942,https://www.youtube.com/watch?v=C89gv3Q4tyg,long-form-needs-date-reconciliation,,,0.478
youtube,mkQIeY6iJFg,Biking With Billy Shatner | 2024 Episode 06,,5225,https://www.youtube.com/watch?v=mkQIeY6iJFg,likely-existing-episode-or-supporting-source,ep-006-86faae3919,2024-03-05,1.0
youtube,UVC2GmHpz2Y,Biking with Billy Shatner,,5220,https://www.youtube.com/watch?v=UVC2GmHpz2Y,likely-existing-episode-or-supporting-source,ep-006-86faae3919,2024-03-05,1.0
youtube,4ZWDaKZ3J_A,Birdcage,,4394,https://www.youtube.com/watch?v=4ZWDaKZ3J_A,likely-existing-episode-or-supporting-source,ep-024-ef4af15f08,2024-08-27,1.0
youtube,9Tmy3UTkFcE,Birdcage,,4400,https://www.youtube.com/watch?v=9Tmy3UTkFcE,likely-existing-episode-or-supporting-source,ep-024-ef4af15f08,2024-08-27,1.0
youtube,tEQ-mWvOjPM,Boova Redux,,4840,https://www.youtube.com/watch?v=tEQ-mWvOjPM,likely-existing-episode-or-supporting-source,ep-015-14a1b1eef6,2025-07-22,1.0
youtube,BHqrveqDW9s,Boova's Double Barrel Pope Style,,965,https://www.youtube.com/watch?v=BHqrveqDW9s,supporting-clip-needs-episode-link,,,0.456
youtube,B4G_AErQCiE,Breaking Free from Transactional Faith: Embracing a Trusting Relationship with God,,98,https://www.youtube.com/watch?v=B4G_AErQCiE,supporting-clip-needs-episode-link,,,0.369
youtube,dzlNjESS5WY,Breaking Free: Trusting God in Times of Stress and Addiction,,93,https://www.youtube.com/watch?v=dzlNjESS5WY,supporting-clip-needs-episode-link,,,0.459
youtube,Q_pXRUPlLTE,Breaking free from societal norms: Embracing a life of endless possibilities,,65,https://www.youtube.com/watch?v=Q_pXRUPlLTE,supporting-clip-needs-episode-link,,,0.403
youtube,UgpG9YBmCw8,Bring Your Purse to Brunch,,6934,https://www.youtube.com/watch?v=UgpG9YBmCw8,likely-existing-episode-or-supporting-source,ep-005-5ad2669fad,2024-02-27,1.0
youtube,0rzfJNd4zXQ,Bring Your Purse to Brunch,,4945,https://www.youtube.com/watch?v=0rzfJNd4zXQ,likely-existing-episode-or-supporting-source,ep-005-5ad2669fad,2024-02-27,1.0
youtube,E4rx3dV8HGY,Britches in Heaven,,1910,https://www.youtube.com/watch?v=E4rx3dV8HGY,likely-existing-episode-or-supporting-source,ep-028-2b160cc29a,2024-10-01,1.0
youtube,WfsinC_FFOU,Burned by the Church? Ways to Help,,63,https://www.youtube.com/watch?v=WfsinC_FFOU,supporting-clip-needs-episode-link,,,0.471
youtube,19EljJxZvyM,Buying International Locusts,,3684,https://www.youtube.com/watch?v=19EljJxZvyM,likely-existing-episode-or-supporting-source,ep-011-c2cb878d4b,2022-05-16,1.0
youtube,d-Ob0ngsEZ0,By Invitation Only,,5130,https://www.youtube.com/watch?v=d-Ob0ngsEZ0,likely-existing-episode-or-supporting-source,ep-030-98017142e4,2024-10-29,1.0
youtube,6LIZYaW50HM,"CJ Michaels - 8,000",,295,https://www.youtube.com/watch?v=6LIZYaW50HM,supporting-clip-needs-episode-link,,,0.465
youtube,v3WQzYuozvQ,CJ Michaels - In Jesus,,237,https://www.youtube.com/watch?v=v3WQzYuozvQ,supporting-clip-needs-episode-link,,,0.553
youtube,Smi8QA3T9vo,CJ Michaels - Meant To Stay,,218,https://www.youtube.com/watch?v=Smi8QA3T9vo,supporting-clip-needs-episode-link,,,0.489
youtube,lGlmvuggXEg,CJ Michaels - Shehkina,,194,https://www.youtube.com/watch?v=lGlmvuggXEg,supporting-clip-needs-episode-link,,,0.474
youtube,GNgRvwX0AJc,CS Lewis Has Fallen,,5294,https://www.youtube.com/watch?v=GNgRvwX0AJc,likely-existing-episode-or-supporting-source,ep-023-8f3620e4f2,2022-10-03,1.0
youtube,E62JR7jBMH4,Call Me Hoopi,,5523,https://www.youtube.com/watch?v=E62JR7jBMH4,likely-existing-episode-or-supporting-source,ep-023-3a9d4e33d3,2026-09-15,1.0
youtube,DmNfKwJXi8A,Can Christians Have A Hobby?,,895,https://www.youtube.com/watch?v=DmNfKwJXi8A,supporting-clip-needs-episode-link,,,0.545
youtube,uLkydaHUB5E,Can Saying No Lead to a more Focused and Productive Life? 🚫🙌🤔,,61,https://www.youtube.com/watch?v=uLkydaHUB5E,supporting-clip-needs-episode-link,,,0.46
youtube,cp0OT005enU,Can a Christian smoke pot and drink beer?,,822,https://www.youtube.com/watch?v=cp0OT005enU,supporting-clip-needs-episode-link,,,0.507
youtube,6HI3exc-_4U,Can two guys love each other and not be gay?,,304,https://www.youtube.com/watch?v=6HI3exc-_4U,supporting-clip-needs-episode-link,,,0.438
youtube,vpOHmA-QY5s,"Can we really do ""all things"" through Jesus Christ?",,363,https://www.youtube.com/watch?v=vpOHmA-QY5s,supporting-clip-needs-episode-link,,,0.48
youtube,Rrpt7W4UGvg,Can you trust your gut? 🧠 Discover how accurate your feelings really are! 🔍 #TrustYourGut,,56,https://www.youtube.com/watch?v=Rrpt7W4UGvg,supporting-clip-needs-episode-link,,,0.321
youtube,VzORMQ2xJ9Y,Canadian Woman Fakes Pregnancy,,472,https://www.youtube.com/watch?v=VzORMQ2xJ9Y,supporting-clip-needs-episode-link,,,0.5
youtube,Jj3pJdnZUPc,Candy 4 Nickels - I Try,,201,https://www.youtube.com/watch?v=Jj3pJdnZUPc,supporting-clip-needs-episode-link,,,0.478
youtube,41MAIu59E-k,Candy 4 Nickels - Lifted,,202,https://www.youtube.com/watch?v=41MAIu59E-k,supporting-clip-needs-episode-link,,,0.476
youtube,JdAwdrvDkmE,Candy 4 Nickels - Pieces of My Heart,,173,https://www.youtube.com/watch?v=JdAwdrvDkmE,supporting-clip-needs-episode-link,,,0.423
youtube,Tddv4SaJaSM,Candy 4 Nickels - We Three Kings,,201,https://www.youtube.com/watch?v=Tddv4SaJaSM,supporting-clip-needs-episode-link,,,0.483
youtube,INptSCKqdfg,Caps For Sale,,379,https://www.youtube.com/watch?v=INptSCKqdfg,supporting-clip-needs-episode-link,,,0.533
youtube,P_EyqhbjLPk,Captive - Unscene Patrol,,265,https://www.youtube.com/watch?v=P_EyqhbjLPk,supporting-clip-needs-episode-link,,,0.455
youtube,cCEiq8_YL5I,Cartoon Satan at the Grammys,,49,https://www.youtube.com/watch?v=cCEiq8_YL5I,supporting-clip-needs-episode-link,,,0.468
youtube,0xpVfw7RpK0,Cass Lester - Finally Serene,,259,https://www.youtube.com/watch?v=0xpVfw7RpK0,supporting-clip-needs-episode-link,,,0.578
youtube,00bcVwRv2VY,Cass Lester - Smokescreen,,229,https://www.youtube.com/watch?v=00bcVwRv2VY,supporting-clip-needs-episode-link,,,0.476
youtube,G3IKRdQ06OQ,Cat Pines For Swoll Dude,,813,https://www.youtube.com/watch?v=G3IKRdQ06OQ,supporting-clip-needs-episode-link,,,0.512
youtube,CqwU8W1TAm4,Catholic Church Apologizes for Militia Advertisement: Explained,,123,https://www.youtube.com/watch?v=CqwU8W1TAm4,supporting-clip-needs-episode-link,,,0.385
youtube,DZy8KcYRBNw,Celebrate 🎉 with Others - How to Respect Different Experiences 💖,,63,https://www.youtube.com/watch?v=DZy8KcYRBNw,supporting-clip-needs-episode-link,,,0.457
youtube,ZO0ynJHvC08,Certainty - His Place,,332,https://www.youtube.com/watch?v=ZO0ynJHvC08,supporting-clip-needs-episode-link,,,0.522
youtube,xrrm73pyzwY,Certainty - Watchin' Over Me,,273,https://www.youtube.com/watch?v=xrrm73pyzwY,supporting-clip-needs-episode-link,,,0.468
youtube,kzQVDp6OUvo,Chandra Knudsen - Washed Away,,227,https://www.youtube.com/watch?v=kzQVDp6OUvo,supporting-clip-needs-episode-link,,,0.431
youtube,_o0AKPLQPy4,Changing Teams,,3824,https://www.youtube.com/watch?v=_o0AKPLQPy4,likely-existing-episode-or-supporting-source,ep-018-70018d4bee,2022-08-15,1.0
youtube,AOL-B6BLmko,Charity Workers Take $1 Million,,247,https://www.youtube.com/watch?v=AOL-B6BLmko,supporting-clip-needs-episode-link,,,0.444
youtube,gLF8VlyNTWQ,Charlatan Kings,,5025,https://www.youtube.com/watch?v=gLF8VlyNTWQ,likely-existing-episode-or-supporting-source,ep-007-f40f3c758b,2023-04-06,1.0
youtube,kNK4HrldDkQ,Charlatan Kings | 2023 E07,,4984,https://www.youtube.com/watch?v=kNK4HrldDkQ,likely-existing-episode-or-supporting-source,ep-007-f40f3c758b,2023-04-06,1.0
youtube,jU6YzNPiV34,Cherishing Accessibility: A Lesson from Cultural Exchange,,71,https://www.youtube.com/watch?v=jU6YzNPiV34,supporting-clip-needs-episode-link,,,0.438
youtube,8-xnuLG0b4U,Chill Out,,5190,https://www.youtube.com/watch?v=8-xnuLG0b4U,likely-existing-episode-or-supporting-source,ep-011-9957399138,2025-05-20,1.0
youtube,cTY0_LgJK0g,Chris Akers -  Look In Your Eyes,,233,https://www.youtube.com/watch?v=cTY0_LgJK0g,supporting-clip-needs-episode-link,,,0.5
youtube,Rr_05t9YA2k,Chris Akers - Come A Long Way,,188,https://www.youtube.com/watch?v=Rr_05t9YA2k,supporting-clip-needs-episode-link,,,0.465
youtube,k7eNtNVFkqw,Chris Akers - Cup of Stars,,147,https://www.youtube.com/watch?v=k7eNtNVFkqw,supporting-clip-needs-episode-link,,,0.5
youtube,ph98E5jzE5g,Chris Akers - Grace,,245,https://www.youtube.com/watch?v=ph98E5jzE5g,supporting-clip-needs-episode-link,,,0.552
youtube,tl6-SdQmzPs,Chris Akers - I Choose Forever,,192,https://www.youtube.com/watch?v=tl6-SdQmzPs,supporting-clip-needs-episode-link,,,0.478
youtube,zZuJ9IUDlfw,Chris Akers - Waiting All My Life,,199,https://www.youtube.com/watch?v=zZuJ9IUDlfw,supporting-clip-needs-episode-link,,,0.517
youtube,vOmdIyDJD6s,Chris Day - Great Are You God,,224,https://www.youtube.com/watch?v=vOmdIyDJD6s,supporting-clip-needs-episode-link,,,0.5
youtube,RMdhvOq51vw,Chris Day - Let Our Praises Rise To You,,201,https://www.youtube.com/watch?v=RMdhvOq51vw,supporting-clip-needs-episode-link,,,0.54
youtube,uUuOX1484DA,Chris Day - Relentless,,267,https://www.youtube.com/watch?v=uUuOX1484DA,supporting-clip-needs-episode-link,,,0.489
youtube,FwH8mraQ-10,Chris Day - We Won't Run Away,,211,https://www.youtube.com/watch?v=FwH8mraQ-10,supporting-clip-needs-episode-link,,,0.531
youtube,28yxPEUfeJ8,Chris Rohloff - Now Thank We All Our God,,140,https://www.youtube.com/watch?v=28yxPEUfeJ8,supporting-clip-needs-episode-link,,,0.417
youtube,9uq-mO19Xhg,Chris Rohloff - Who Is On The Lord's Side,,268,https://www.youtube.com/watch?v=9uq-mO19Xhg,supporting-clip-needs-episode-link,,,0.473
youtube,vsMkPdL4RQ0,Christians Don’t Understand Christianity,,3920,https://www.youtube.com/watch?v=vsMkPdL4RQ0,likely-existing-episode-or-supporting-source,ep-022-7dba1a79b2,2021-09-16,1.0
youtube,AaOHXs4zGaQ,Christians need to put on humble pants (Pope-Style Advice),,674,https://www.youtube.com/watch?v=AaOHXs4zGaQ,supporting-clip-needs-episode-link,,,0.479
youtube,GCimpZCw2Xs,Church Choices,,53,https://www.youtube.com/watch?v=GCimpZCw2Xs,supporting-clip-needs-episode-link,,,0.667
youtube,SUe8Uor2w6k,Church Gives Away Assault Weapon,,357,https://www.youtube.com/watch?v=SUe8Uor2w6k,supporting-clip-needs-episode-link,,,0.458
youtube,QHALNNTwhzc,Churches Should Never Close,,38,https://www.youtube.com/watch?v=QHALNNTwhzc,supporting-clip-needs-episode-link,,,0.468
youtube,TY4CrudVw44,Coffee After Sunday,,5370,https://www.youtube.com/watch?v=TY4CrudVw44,likely-existing-episode-or-supporting-source,ep-011-92d79fb479,2026-04-28,1.0
youtube,ejsfr_0FYAo,Cold Showers Are Bro Science,,56,https://www.youtube.com/watch?v=ejsfr_0FYAo,supporting-clip-needs-episode-link,,,0.423
youtube,l4ESu55pJaE,Collide  - John Paul Burtch,,266,https://www.youtube.com/watch?v=l4ESu55pJaE,supporting-clip-needs-episode-link,,,0.8
youtube,r3MLijCu-Bw,Come Home - On This Rock,,334,https://www.youtube.com/watch?v=r3MLijCu-Bw,supporting-clip-needs-episode-link,,,0.488
youtube,Y_SNsNHhuGM,Coming Home - Driven 11,,217,https://www.youtube.com/watch?v=Y_SNsNHhuGM,supporting-clip-needs-episode-link,,,0.49
youtube,pXrXTisKRBw,Commercial II,,123,https://www.youtube.com/watch?v=pXrXTisKRBw,supporting-clip-needs-episode-link,,,0.4
youtube,FzBqhL5lpbE,Couple married 70 years die 15 hours apart,,194,https://www.youtube.com/watch?v=FzBqhL5lpbE,supporting-clip-needs-episode-link,,,0.4
youtube,Ydtsvmqk9oE,"Crystal Joy, Completely Yours",,5023,https://www.youtube.com/watch?v=Ydtsvmqk9oE,likely-existing-episode-or-supporting-source,ep-029-4ef2c80abd,2017-10-22,1.0
youtube,-Yv7JIxed64,Cults May Be Wonderful,,5672,https://www.youtube.com/watch?v=-Yv7JIxed64,likely-existing-episode-or-supporting-source,ep-013-40bb7e1d1a,2022-05-25,1.0
youtube,qxZDxERiOBs,Cut and Colby-Jacked,,5143,https://www.youtube.com/watch?v=qxZDxERiOBs,likely-existing-episode-or-supporting-source,ep-014-d3ac6d46a0,2023-07-06,1.0
youtube,dJh2l2Nq90Q,Dad takes baseball bat to teacher - What would you do?,,617,https://www.youtube.com/watch?v=dJh2l2Nq90Q,supporting-clip-needs-episode-link,,,0.42
youtube,vWV-SDEw1fk,Damaging Effects of Inappropriate Content on Teens,,67,https://www.youtube.com/watch?v=vWV-SDEw1fk,supporting-clip-needs-episode-link,,,0.442
youtube,fCJEcrOyrR8,Dan's Perm vs. Worshiper of the Week.,,348,https://www.youtube.com/watch?v=fCJEcrOyrR8,supporting-clip-needs-episode-link,,,0.548
youtube,oLBgxUdfOSw,Dappy's Hashtag Tattoo Fail,,265,https://www.youtube.com/watch?v=oLBgxUdfOSw,supporting-clip-needs-episode-link,,,0.435
youtube,elRDGsaRJ4g,Dead dudes walking,,152,https://www.youtube.com/watch?v=elRDGsaRJ4g,supporting-clip-needs-episode-link,,,0.478
youtube,Mgky2fUEoaY,Dear LFTP: Can I Use The Toilet As A Sink?,,220,https://www.youtube.com/watch?v=Mgky2fUEoaY,supporting-clip-needs-episode-link,,,0.469
youtube,OGQ7mOjG67g,Dear LFTP: I Don't Want My Fella To Wear Hats,,341,https://www.youtube.com/watch?v=OGQ7mOjG67g,supporting-clip-needs-episode-link,,,0.548
youtube,XPjU5pAcfvQ,Dear LFTP: I'm Cancelling Christmas,,499,https://www.youtube.com/watch?v=XPjU5pAcfvQ,supporting-clip-needs-episode-link,,,0.52
youtube,nLhIhT9-Xto,Dear LFTP: I'm a Recovering Addict and My Friends Have Abandoned Me,,664,https://www.youtube.com/watch?v=nLhIhT9-Xto,supporting-clip-needs-episode-link,,,0.392
youtube,ZSnIpIpeVX4,Dear LFTP: My Friends Steal My Oven,,359,https://www.youtube.com/watch?v=ZSnIpIpeVX4,supporting-clip-needs-episode-link,,,0.453
youtube,JVfkgP2fdII,"Dear LFTP: My Future Son-In-Law is Crossing the Line, What Should I Do?",,381,https://www.youtube.com/watch?v=JVfkgP2fdII,supporting-clip-needs-episode-link,,,0.42
youtube,-ql-c90naXg,Dear LFTP: My Wife Took A Picture of My Mom's Bathroom,,359,https://www.youtube.com/watch?v=-ql-c90naXg,supporting-clip-needs-episode-link,,,0.361
youtube,lXbpwP538s0,Dear LFTP: Possibly Our Most Unhelpful Advice Ever,,328,https://www.youtube.com/watch?v=lXbpwP538s0,supporting-clip-needs-episode-link,,,0.442
youtube,OQjLeBD3rgA,Dear LFTP: Should I Marry A Dude Who Doesn't Brush His Teeth?,,1093,https://www.youtube.com/watch?v=OQjLeBD3rgA,supporting-clip-needs-episode-link,,,0.415
youtube,k3bcnicFrHY,Dear LFTP: What How do I Handle My girlfriend Who Dumped Me Because I Didn't Walk Her Dog?,,522,https://www.youtube.com/watch?v=k3bcnicFrHY,supporting-clip-needs-episode-link,,,0.377
youtube,GTHgwL3U1fg,Dear LFTP: Wife Won't Dress Up for Sexy Fun Time,,442,https://www.youtube.com/watch?v=GTHgwL3U1fg,supporting-clip-needs-episode-link,,,0.451
youtube,aNrHP69WYck,Dear LFTP: Wife and I Can't Work Together,,277,https://www.youtube.com/watch?v=aNrHP69WYck,supporting-clip-needs-episode-link,,,0.448
youtube,6DGxBNga880,Dear Live From The Path: Do I Have To Take My Shoes Off In My Kid's House?,,444,https://www.youtube.com/watch?v=6DGxBNga880,supporting-clip-needs-episode-link,,,0.396
youtube,jOD7nlv9nrM,DearLFTP   Cruise Doesnt Mean Ill Bring Stuff Back,,385,https://www.youtube.com/watch?v=jOD7nlv9nrM,supporting-clip-needs-episode-link,,,0.412
youtube,cUdFLOmyyWs,"Denominations, Living Simply, Walking in Strength, and Real Church.",,584,https://www.youtube.com/watch?v=cUdFLOmyyWs,supporting-clip-needs-episode-link,,,0.393
youtube,d4-hrfy6TPw,Did you just say Ovalpeckterdunkin?,,33,https://www.youtube.com/watch?v=d4-hrfy6TPw,supporting-clip-needs-episode-link,,,0.433
youtube,BxE9a-MeqZg,DignitySky.mp4,,224,https://www.youtube.com/watch?v=BxE9a-MeqZg,supporting-clip-needs-episode-link,,,0.412
youtube,HpaFuOp-dU8,Discipleship IS Evangelism,,60,https://www.youtube.com/watch?v=HpaFuOp-dU8,supporting-clip-needs-episode-link,,,0.558
youtube,FPtAEuCLLDA,Discover Hope 5:17,,6014,https://www.youtube.com/watch?v=FPtAEuCLLDA,likely-existing-episode-or-supporting-source,ep-024-ae948b33b4,2017-08-21,1.0
youtube,9QMGlKzh9oo,Discover Hope 5:17 | The First Step To Recovery,,243,https://www.youtube.com/watch?v=9QMGlKzh9oo,supporting-clip-needs-episode-link,,,0.571
youtube,CMDW3u_57jQ,Discover Hope 5:17: Starting Out and True Restoration,,358,https://www.youtube.com/watch?v=CMDW3u_57jQ,supporting-clip-needs-episode-link,,,0.514
youtube,DoIi3RMMhG4,Discovering Strength in Weakness: A Biblical Perspective,,83,https://www.youtube.com/watch?v=DoIi3RMMhG4,supporting-clip-needs-episode-link,,,0.425
youtube,dCS6voqT4Ag,Discovering the True Meaning of Fearing God: Embracing His Holiness and Righteousness,,126,https://www.youtube.com/watch?v=dCS6voqT4Ag,supporting-clip-needs-episode-link,,,0.375
youtube,lOVoS-FhG84,Divine Actions: Early Church's Surprising Truths Revealed!,,67,https://www.youtube.com/watch?v=lOVoS-FhG84,supporting-clip-needs-episode-link,,,0.434
youtube,We1hhI_OGvw,Do All Things Really Work for the good for Christians?,,725,https://www.youtube.com/watch?v=We1hhI_OGvw,supporting-clip-needs-episode-link,,,0.453
youtube,rLboK5HIkCI,Do I Really Love God?,,723,https://www.youtube.com/watch?v=rLboK5HIkCI,supporting-clip-needs-episode-link,,,0.481
youtube,0vBusyBCaxY,"Do Something With Your Life, Gordon",,6189,https://www.youtube.com/watch?v=0vBusyBCaxY,likely-existing-episode-or-supporting-source,ep-020-8e23ff96f3,2022-08-29,1.0
youtube,bFwrLsggarY,Do You Hear What I Hear,,5063,https://www.youtube.com/watch?v=bFwrLsggarY,likely-existing-episode-or-supporting-source,ep-017-f25b1a94eb,2026-06-16,1.0
youtube,5R343s9bKCo,Do You Know Him? - Saved on Sunday,,313,https://www.youtube.com/watch?v=5R343s9bKCo,supporting-clip-needs-episode-link,,,0.48
youtube,jANWB0I3CoM,Does God Really Want me to Prosper?,,379,https://www.youtube.com/watch?v=jANWB0I3CoM,supporting-clip-needs-episode-link,,,0.508
youtube,Kla5HgOprzM,Does God really have to give us EVERYTHING we ask for?,,224,https://www.youtube.com/watch?v=Kla5HgOprzM,supporting-clip-needs-episode-link,,,0.394
youtube,l8wW475Op2E,Dog Video Goes Viral,,258,https://www.youtube.com/watch?v=l8wW475Op2E,supporting-clip-needs-episode-link,,,0.514
youtube,gmkcu8LxyaU,Don't Make Your Worship Style An Idol,,56,https://www.youtube.com/watch?v=gmkcu8LxyaU,supporting-clip-needs-episode-link,,,0.561
youtube,9eEQtVFgwTU,"Donald Trump, Egos, Church Giving and Plaques",,276,https://www.youtube.com/watch?v=9eEQtVFgwTU,supporting-clip-needs-episode-link,,,0.475
youtube,PWPSXyxZqlM,Donkeys,,137,https://www.youtube.com/watch?v=PWPSXyxZqlM,supporting-clip-needs-episode-link,,,0.5
youtube,q-8GZ4SR5E0,"Don’t Spit On Folk, Among Other Wisdom",,4630,https://www.youtube.com/watch?v=q-8GZ4SR5E0,likely-existing-episode-or-supporting-source,ep-002-f33dbb81fb,2022-02-07,1.0
youtube,SG6WWbZgxs4,Double J   Freestyle,,85,https://www.youtube.com/watch?v=SG6WWbZgxs4,supporting-clip-needs-episode-link,,,0.471
youtube,K-5Hgkj6oSk,Double J - Breathe,,283,https://www.youtube.com/watch?v=K-5Hgkj6oSk,supporting-clip-needs-episode-link,,,0.5
youtube,n-lAVnqmW_k,Double J - City Lights,,244,https://www.youtube.com/watch?v=n-lAVnqmW_k,supporting-clip-needs-episode-link,,,0.5
youtube,XFdsUqdeU_c,Double J - Energy,,256,https://www.youtube.com/watch?v=XFdsUqdeU_c,supporting-clip-needs-episode-link,,,0.467
youtube,2_m8Oq6fsfE,Double J - Generation @ War,,258,https://www.youtube.com/watch?v=2_m8Oq6fsfE,supporting-clip-needs-episode-link,,,0.478
youtube,-AW6YxpxQII,Double J - Let The Beat Rock,,227,https://www.youtube.com/watch?v=-AW6YxpxQII,supporting-clip-needs-episode-link,,,0.455
youtube,jrxCFzcu8eQ,Double J - Limitless,,266,https://www.youtube.com/watch?v=jrxCFzcu8eQ,supporting-clip-needs-episode-link,,,0.5
youtube,v0dEruncufA,Double J - Memory,,254,https://www.youtube.com/watch?v=v0dEruncufA,supporting-clip-needs-episode-link,,,0.421
youtube,i4KgRU_c9l4,Driven 11 - Left Field,,264,https://www.youtube.com/watch?v=i4KgRU_c9l4,supporting-clip-needs-episode-link,,,0.414
youtube,i82za1Wli3c,Driven 11 - Passenger,,147,https://www.youtube.com/watch?v=i82za1Wli3c,supporting-clip-needs-episode-link,,,0.474
youtube,MLlod0feijk,Echo - Free,,264,https://www.youtube.com/watch?v=MLlod0feijk,supporting-clip-needs-episode-link,,,0.545
youtube,bwPvFH_Xq6A,Echo - Free (Live),,261,https://www.youtube.com/watch?v=bwPvFH_Xq6A,supporting-clip-needs-episode-link,,,0.483
youtube,fcniWhXY8Mo,Echo - The Youth,,256,https://www.youtube.com/watch?v=fcniWhXY8Mo,supporting-clip-needs-episode-link,,,0.692
youtube,3DFSkRz5yhs,Egypt Ali - Dear God,,238,https://www.youtube.com/watch?v=3DFSkRz5yhs,supporting-clip-needs-episode-link,,,0.571
youtube,zV_g2UpUrpE,Eight Women Christian Men Should Never Marry,,680,https://www.youtube.com/watch?v=zV_g2UpUrpE,supporting-clip-needs-episode-link,,,0.482
youtube,qMiG2n7hkxg,Ellen Shuts Down Twitter,,143,https://www.youtube.com/watch?v=qMiG2n7hkxg,supporting-clip-needs-episode-link,,,0.471
youtube,qleQr4L4j98,Embracing Introversion: How to Thrive in Social Settings,,124,https://www.youtube.com/watch?v=qleQr4L4j98,supporting-clip-needs-episode-link,,,0.458
youtube,faq6q6vRINs,"Emphasis | Accountability, Worship and Praying with Strangers",,6067,https://www.youtube.com/watch?v=faq6q6vRINs,likely-existing-episode-or-supporting-source,ep-022-095fa26626,2026-08-25,1.0
youtube,JM2XEKbRr1A,Empty Smith,,6689,https://www.youtube.com/watch?v=JM2XEKbRr1A,likely-existing-episode-or-supporting-source,ep-027-6376f4081e,2023-11-29,1.0
youtube,t451FR6HREc,End Of The World Game - 10.15.2012,,604,https://www.youtube.com/watch?v=t451FR6HREc,supporting-clip-needs-episode-link,,,0.475
youtube,8LdAd1XK3e8,End of the World Quiz with Bethany Joy Johnson,,452,https://www.youtube.com/watch?v=8LdAd1XK3e8,supporting-clip-needs-episode-link,,,0.453
youtube,5bGeP2ZLFzc,Enter The McCormick,,5345,https://www.youtube.com/watch?v=5bGeP2ZLFzc,likely-existing-episode-or-supporting-source,ep-014-1488ae5d70,2024-05-28,1.0
youtube,IqW5cdE8xEk,Enter the McCormick II,,5348,https://www.youtube.com/watch?v=IqW5cdE8xEk,likely-existing-episode-or-supporting-source,ep-013-af95cf7e91,2025-06-24,1.0
youtube,aKQG4a_U9xU,Expanding Your Plausible Reality,,586,https://www.youtube.com/watch?v=aKQG4a_U9xU,supporting-clip-needs-episode-link,,,0.559
youtube,LZzuRTBKGEo,Eyeballs & Voting For Ghosts,,317,https://www.youtube.com/watch?v=LZzuRTBKGEo,supporting-clip-needs-episode-link,,,0.458
youtube,QuJkCG87qtI,Eyes Wide Open - Maker of the Stars,,205,https://www.youtube.com/watch?v=QuJkCG87qtI,supporting-clip-needs-episode-link,,,0.471
youtube,VNCDjFtV8fE,Eyes Wide Open - Rescue,,200,https://www.youtube.com/watch?v=VNCDjFtV8fE,supporting-clip-needs-episode-link,,,0.5
youtube,eIFNqqMVPC4,Face To Face - By Its Right Name,,265,https://www.youtube.com/watch?v=eIFNqqMVPC4,supporting-clip-needs-episode-link,,,0.451
youtube,Q1NgoU8GlWY,Fake Persecution and Tripping Millennials,,4390,https://www.youtube.com/watch?v=Q1NgoU8GlWY,likely-existing-episode-or-supporting-source,ep-024-3889be2247,2021-10-11,1.0
youtube,KLAqxXqItyU,False Teachers and Freeloaders,,5190,https://www.youtube.com/watch?v=KLAqxXqItyU,likely-existing-episode-or-supporting-source,ep-030-2c550e4621,2021-12-20,1.0
youtube,wbM0ZHdJZMU,Family Feuds over Paying for Bar Mitzvah,,599,https://www.youtube.com/watch?v=wbM0ZHdJZMU,supporting-clip-needs-episode-link,,,0.437
youtube,WU0jpOMsn3w,Fierce Grace,,205,https://www.youtube.com/watch?v=WU0jpOMsn3w,supporting-clip-needs-episode-link,,,0.519
youtube,ajlgwfKbWWg,Finding Relief from Stress,,329,https://www.youtube.com/watch?v=ajlgwfKbWWg,supporting-clip-needs-episode-link,,,0.531
youtube,r-4BtmMm7Ck,"Finding Sin, Missing God",,6492,https://www.youtube.com/watch?v=r-4BtmMm7Ck,likely-existing-episode-or-supporting-source,ep-022-c4ac1251cc,2022-09-18,1.0
youtube,5f1IWz0x-ek,"First Death, Then Resurrection",,5290,https://www.youtube.com/watch?v=5f1IWz0x-ek,likely-existing-episode-or-supporting-source,ep-013-24b57e7021,2024-05-07,1.0
youtube,tVzXXJjypzA,Flat Stanley Joins Us On Live From The Path,,116,https://www.youtube.com/watch?v=tVzXXJjypzA,supporting-clip-needs-episode-link,,,0.5
youtube,QNgod0Fxvqw,Folk Ain’t Happy,,6281,https://www.youtube.com/watch?v=QNgod0Fxvqw,likely-existing-episode-or-supporting-source,ep-003-e514a5a37b,2024-02-06,1.0
youtube,JjlXBF5fOAo,Following the News,,3564,https://www.youtube.com/watch?v=JjlXBF5fOAo,likely-existing-episode-or-supporting-source,ep-001-e6395023a7,2018-01-17,1.0
youtube,hu090yMAwkE,For God or With God,,4805,https://www.youtube.com/watch?v=hu090yMAwkE,likely-existing-episode-or-supporting-source,ep-031-476fa2ebed,2024-11-19,1.0
youtube,Cu8vxKifGrk,Foreverlin | Broken Lines,,173,https://www.youtube.com/watch?v=Cu8vxKifGrk,supporting-clip-needs-episode-link,,,0.537
youtube,oQNqnD29Hpg,Foreverlin | Sanguine,,228,https://www.youtube.com/watch?v=oQNqnD29Hpg,supporting-clip-needs-episode-link,,,0.474
youtube,EvfYNyFffQQ,Foreverlin | Speak,,239,https://www.youtube.com/watch?v=EvfYNyFffQQ,supporting-clip-needs-episode-link,,,0.514
youtube,w2ltNUyj5OU,Fresh Perspectives,,4140,https://www.youtube.com/watch?v=w2ltNUyj5OU,likely-existing-episode-or-supporting-source,ep-025-873766838a,2021-10-28,1.0
youtube,X8VlgCOs9bQ,From Hopelessness to Faith,,61,https://www.youtube.com/watch?v=X8VlgCOs9bQ,supporting-clip-needs-episode-link,,,0.533
youtube,yERj1dV2Tr8,From Rib to Reality,,3098,https://www.youtube.com/watch?v=yERj1dV2Tr8,likely-existing-episode-or-supporting-source,ep-020-3033040430,2017-06-20,1.0
youtube,H8ixsDupJuE,Gentle Advice From Live From The Path,,293,https://www.youtube.com/watch?v=H8ixsDupJuE,supporting-clip-needs-episode-link,,,0.552
youtube,sMZx_cNd_sM,Get A Dog,,5832,https://www.youtube.com/watch?v=sMZx_cNd_sM,likely-existing-episode-or-supporting-source,ep-027-fdb52ff883,2025-12-23,1.0
youtube,k-yJVjKyujg,Getting Kids to Stick With Jesus,,5251,https://www.youtube.com/watch?v=k-yJVjKyujg,likely-existing-episode-or-supporting-source,ep-010-cf9f135ea8,2022-04-26,1.0
youtube,Mg9JJcIDHCE,Go Fund Thee,,4718,https://www.youtube.com/watch?v=Mg9JJcIDHCE,likely-existing-episode-or-supporting-source,ep-027-326fe7ac8e,2021-11-20,1.0
youtube,LQJ9jW9AlwA,God Is There - Chandra Knudsen,,225,https://www.youtube.com/watch?v=LQJ9jW9AlwA,supporting-clip-needs-episode-link,,,0.483
youtube,1bPWYynkIKE,God May Not Want You To Help Everybody,,60,https://www.youtube.com/watch?v=1bPWYynkIKE,supporting-clip-needs-episode-link,,,0.472
youtube,rxrAM_rUKX8,"God's Lookin' At You, Kid (You Hipster)",,713,https://www.youtube.com/watch?v=rxrAM_rUKX8,supporting-clip-needs-episode-link,,,0.464
youtube,i0iml1pi1uI,Good News Changes the World: Health Care,,6300,https://www.youtube.com/watch?v=i0iml1pi1uI,likely-existing-episode-or-supporting-source,ep-030-13cac210e1,2017-10-24,1.0
youtube,92aL2PQbGYE,Good News of Narrow Focus,,3965,https://www.youtube.com/watch?v=92aL2PQbGYE,likely-existing-episode-or-supporting-source,ep-029-fb2becc8a8,2021-12-08,1.0
youtube,yMHTGLxkPiw,Got You Under My Skin,,5025,https://www.youtube.com/watch?v=yMHTGLxkPiw,likely-existing-episode-or-supporting-source,ep-022-7eb1bcee42,2017-07-25,1.0
youtube,2K6Pvw93FYM,Grace,,570,https://www.youtube.com/watch?v=2K6Pvw93FYM,supporting-clip-needs-episode-link,,,0.5
youtube,EpehIILkw-Y,Grace Like A Free Car,,182,https://www.youtube.com/watch?v=EpehIILkw-Y,supporting-clip-needs-episode-link,,,0.5
youtube,Z4RhliJQtXY,Graham crackers for gays?,,285,https://www.youtube.com/watch?v=Z4RhliJQtXY,supporting-clip-needs-episode-link,,,0.444
youtube,b9yc8Nu8VRY,Great and Glorious - Now Serving 7,,230,https://www.youtube.com/watch?v=b9yc8Nu8VRY,supporting-clip-needs-episode-link,,,0.5
youtube,J_j76WtnMIk,Greatest Christmas Album Ever!,,215,https://www.youtube.com/watch?v=J_j76WtnMIk,supporting-clip-needs-episode-link,,,0.571
youtube,jPVGSvC8XPs,Guppies and Pumpkins,,3390,https://www.youtube.com/watch?v=jPVGSvC8XPs,likely-existing-episode-or-supporting-source,ep-018-6dd8275e8e,2017-06-06,1.0
youtube,aJAMlHbaUwk,Guy Man Dude,,5799,https://www.youtube.com/watch?v=aJAMlHbaUwk,likely-existing-episode-or-supporting-source,ep-025-334d8aefe8,2023-11-08,1.0
youtube,7TwVs_z9F-I,Guy Man Dude (II),,2853,https://www.youtube.com/watch?v=7TwVs_z9F-I,likely-existing-episode-or-supporting-source,ep-025-334d8aefe8,2023-11-08,0.889
youtube,sFqkA7q5NIo,Guy Man Dude | 2023 Episode 25 Part 1,,2970,https://www.youtube.com/watch?v=sFqkA7q5NIo,likely-existing-episode-or-supporting-source,ep-025-334d8aefe8,2023-11-08,1.0
youtube,NoFPtkqWkUE,Halloween Club Fails: When Costumes Go Wrong,,88,https://www.youtube.com/watch?v=NoFPtkqWkUE,supporting-clip-needs-episode-link,,,0.388
youtube,FfJ61F8N6r0,Handshakes and Wrongness,,5340,https://www.youtube.com/watch?v=FfJ61F8N6r0,likely-existing-episode-or-supporting-source,ep-008-c9f8c18254,2024-03-26,1.0
youtube,Y-DxV7zjcVA,Handshakes and Wrongness | 2024 Episode 08,,5340,https://www.youtube.com/watch?v=Y-DxV7zjcVA,likely-existing-episode-or-supporting-source,ep-008-c9f8c18254,2024-03-26,1.0
youtube,rMBtYMU2eXQ,Happy Birthday,,23,https://www.youtube.com/watch?v=rMBtYMU2eXQ,supporting-clip-needs-episode-link,,,0.519
youtube,phb1t1c5x1U,He Gets Us Ad: Salty Christian Reaction to Images of Peace,,62,https://www.youtube.com/watch?v=phb1t1c5x1U,supporting-clip-needs-episode-link,,,0.417
youtube,ZWN9z8tZsh8,He Gets Us...Again,,4491,https://www.youtube.com/watch?v=ZWN9z8tZsh8,likely-existing-episode-or-supporting-source,ep-004-5c80346641,2024-02-20,1.0
youtube,lP6QTC7kkJk,He Gets Us…Again,,4490,https://www.youtube.com/watch?v=lP6QTC7kkJk,likely-existing-episode-or-supporting-source,ep-004-5c80346641,2024-02-20,1.0
youtube,303jb5Yg5Aw,He did WHAT?!?!?,,376,https://www.youtube.com/watch?v=303jb5Yg5Aw,supporting-clip-needs-episode-link,,,0.5
youtube,hdjLMlB3dfE,Headed to Mars,,262,https://www.youtube.com/watch?v=hdjLMlB3dfE,supporting-clip-needs-episode-link,,,0.571
youtube,i1EpeiFtaW0,Heartfelt Heresy,,3240,https://www.youtube.com/watch?v=i1EpeiFtaW0,likely-existing-episode-or-supporting-source,ep-026-df1b1151e7,2025-12-09,1.0
youtube,RDHhxcOODcs,Help!  I'm in love with another Man!,,258,https://www.youtube.com/watch?v=RDHhxcOODcs,supporting-clip-needs-episode-link,,,0.5
youtube,9TN8s9U7n_Y,Help!  My Daughter Wants me to Buy My Ex-Wife  a Gift!,,512,https://www.youtube.com/watch?v=9TN8s9U7n_Y,supporting-clip-needs-episode-link,,,0.405
youtube,_rdcA9PpU8Y,Help!  My Son's Girlfriend is Sending Inappropriate Photos!,,343,https://www.youtube.com/watch?v=_rdcA9PpU8Y,supporting-clip-needs-episode-link,,,0.396
youtube,tZkWGioZcHw,"Help!  My Wife Has ""Booty Call"" Panties",,325,https://www.youtube.com/watch?v=tZkWGioZcHw,supporting-clip-needs-episode-link,,,0.462
youtube,QLgBvHQZqew,Help! My Son is Out of Control!,,406,https://www.youtube.com/watch?v=QLgBvHQZqew,supporting-clip-needs-episode-link,,,0.478
youtube,KPxX25Bnz7c,Hevel - Psalm 13 (Live),,179,https://www.youtube.com/watch?v=KPxX25Bnz7c,supporting-clip-needs-episode-link,,,0.476
youtube,ERmQzHU_GMg,Hey Preacher; Stop telling Sex Jokes at Weddings!,,104,https://www.youtube.com/watch?v=ERmQzHU_GMg,supporting-clip-needs-episode-link,,,0.436
youtube,v079JzrKqhg,Hippo Valley PTA,,5293,https://www.youtube.com/watch?v=v079JzrKqhg,likely-existing-episode-or-supporting-source,ep-023-a73cd6f7a7,2017-08-21,1.0
youtube,izXvKky_YH8,Hobby Lobby Wins Supreme Court Case,,512,https://www.youtube.com/watch?v=izXvKky_YH8,supporting-clip-needs-episode-link,,,0.433
youtube,o_-Hlq7iXAg,"House Cat Attacks Baby, Traps Owners in Room",,319,https://www.youtube.com/watch?v=o_-Hlq7iXAg,supporting-clip-needs-episode-link,,,0.475
youtube,3FPB2WKyn3U,House Church Trouble in Olympic China,,4774,https://www.youtube.com/watch?v=3FPB2WKyn3U,likely-existing-episode-or-supporting-source,ep-004-520b10a65f,2022-03-03,1.0
youtube,kyQy3CkDEJI,How God Leads and Where Humans Often Get It Wrong,,62,https://www.youtube.com/watch?v=kyQy3CkDEJI,supporting-clip-needs-episode-link,,,0.453
youtube,DI3w5yJR9RA,"How Good News Changes the World, Even For Sex Trafficking Victims",,254,https://www.youtube.com/watch?v=DI3w5yJR9RA,supporting-clip-needs-episode-link,,,0.583
youtube,XdSpZtG8DLI,How To Be A Manly Man 1,,474,https://www.youtube.com/watch?v=XdSpZtG8DLI,supporting-clip-needs-episode-link,,,0.489
youtube,3vUwc9FjCK8,How To Love God Without Crying,,511,https://www.youtube.com/watch?v=3vUwc9FjCK8,supporting-clip-needs-episode-link,,,0.469
youtube,E4e2qnZC0tM,How can I Keep from Being a Trophy Husband?,,87,https://www.youtube.com/watch?v=E4e2qnZC0tM,supporting-clip-needs-episode-link,,,0.434
youtube,8MvQYDIue8o,How do I know if a Bible promise is for me?,,427,https://www.youtube.com/watch?v=8MvQYDIue8o,supporting-clip-needs-episode-link,,,0.412
youtube,leMwV8bg_68,How to Give Godly Advice,,387,https://www.youtube.com/watch?v=leMwV8bg_68,supporting-clip-needs-episode-link,,,0.455
youtube,14rxcWZ-4oM,How to Maximize Your Prayer Life for Deeper Connection with God,,116,https://www.youtube.com/watch?v=14rxcWZ-4oM,supporting-clip-needs-episode-link,,,0.433
youtube,47j48VEi1FU,How to Pray Personally and Specifically to God | Enhancing Your Relationship with Him,,103,https://www.youtube.com/watch?v=47j48VEi1FU,supporting-clip-needs-episode-link,,,0.365
youtube,8sx9fuKv7P0,How to read your Bible,,66,https://www.youtube.com/watch?v=8sx9fuKv7P0,supporting-clip-needs-episode-link,,,0.524
youtube,XTjvCTn5-kE,Hypocrites,,584,https://www.youtube.com/watch?v=XTjvCTn5-kE,supporting-clip-needs-episode-link,,,0.8
youtube,OZYsUVwVvQQ,I Will Arise,,250,https://www.youtube.com/watch?v=OZYsUVwVvQQ,supporting-clip-needs-episode-link,,,0.545
youtube,uo1MgedHWDI,I Will Not Be Shaken - On This Rock,,217,https://www.youtube.com/watch?v=uo1MgedHWDI,supporting-clip-needs-episode-link,,,0.448
youtube,7T5Xb0UKp8k,I'm A Man | Jeff Arrandale on Live From The Path,,292,https://www.youtube.com/watch?v=7T5Xb0UKp8k,supporting-clip-needs-episode-link,,,0.5
youtube,f_W04rqBSuY,"I'm a sinner, so why even try?",,310,https://www.youtube.com/watch?v=f_W04rqBSuY,supporting-clip-needs-episode-link,,,0.473
youtube,u0c811pqoRw,"If God regrew your missing toes, would you tell people?",,56,https://www.youtube.com/watch?v=u0c811pqoRw,supporting-clip-needs-episode-link,,,0.413
youtube,ClsLdEwHIG4,"If your accountability man clicks on FB ads, get a new one",,56,https://www.youtube.com/watch?v=ClsLdEwHIG4,supporting-clip-needs-episode-link,,,0.435
youtube,nSzYlOTXd4s,Interivew with John Schlitt,,906,https://www.youtube.com/watch?v=nSzYlOTXd4s,supporting-clip-needs-episode-link,,,0.679
youtube,ujnD6eWk_rI,Interview - Ruth with Life Care Pregnancy Center,,572,https://www.youtube.com/watch?v=ujnD6eWk_rI,supporting-clip-needs-episode-link,,,0.568
youtube,FR2DbSU6jmY,"Interview Excerpt: Nate Beaird with Merry Christmas, Nate",,388,https://www.youtube.com/watch?v=FR2DbSU6jmY,supporting-clip-needs-episode-link,,,0.5
youtube,7DUAgsToxhg,Interview with Steve Pinkley,,604,https://www.youtube.com/watch?v=7DUAgsToxhg,supporting-clip-needs-episode-link,,,0.72
youtube,CyD5_I3tJnU,"Interview: Egypt Ali and her album ""Cathedrals""",,1826,https://www.youtube.com/watch?v=CyD5_I3tJnU,long-form-needs-date-reconciliation,,,0.5
youtube,EdB2rQIUw-E,Is It Enough | 2023 Episode 02,,4645,https://www.youtube.com/watch?v=EdB2rQIUw-E,likely-existing-episode-or-supporting-source,,2023-01-23,1.0
youtube,87fjrK9fWGs,Is It Enough?,,56,https://www.youtube.com/watch?v=87fjrK9fWGs,likely-existing-episode-or-supporting-source,ep-002-da06aed69a,2023-01-25,1.0
youtube,7ZAJ0n-4M3I,Is It Enough?,,4641,https://www.youtube.com/watch?v=7ZAJ0n-4M3I,likely-existing-episode-or-supporting-source,ep-002-da06aed69a,2023-01-25,1.0
youtube,ABw5xkE9ecw,Is Social Media Dangerous for some People?,,195,https://www.youtube.com/watch?v=ABw5xkE9ecw,supporting-clip-needs-episode-link,,,0.431
youtube,N7lZDoQQtVU,Is This Love? Game w/ Crystal Joy - 2017/10/16,,1059,https://www.youtube.com/watch?v=N7lZDoQQtVU,supporting-clip-needs-episode-link,,,0.41
youtube,z6thGZ3iazQ,Is the Blood Moon a Sign of the End of the World?,,356,https://www.youtube.com/watch?v=z6thGZ3iazQ,supporting-clip-needs-episode-link,,,0.56
youtube,8jsUC_ZP6bc,It Is Well - On This Rock,,338,https://www.youtube.com/watch?v=8jsUC_ZP6bc,supporting-clip-needs-episode-link,,,0.5
youtube,itnPLdcR6vg,It's Not Your Job to Psychoanalyze People to Share the Gospel,,54,https://www.youtube.com/watch?v=itnPLdcR6vg,supporting-clip-needs-episode-link,,,0.404
youtube,w27s_LjcfVE,It’s A Start,,4059,https://www.youtube.com/watch?v=w27s_LjcfVE,likely-existing-episode-or-supporting-source,ep-024-6c0c2a354b,2025-11-11,1.0
youtube,TjEPg8gPV-o,Jacey - Bad Omen,,207,https://www.youtube.com/watch?v=TjEPg8gPV-o,supporting-clip-needs-episode-link,,,0.483
youtube,Sv0o_EQF9Ro,Jacey - Leave the Light On,,250,https://www.youtube.com/watch?v=Sv0o_EQF9Ro,supporting-clip-needs-episode-link,,,0.517
youtube,w0RLlJgktZA,Jacey - Proud Man,,225,https://www.youtube.com/watch?v=w0RLlJgktZA,supporting-clip-needs-episode-link,,,0.467
youtube,4XgnOteL6FI,Jack and the Beanstalk,,243,https://www.youtube.com/watch?v=4XgnOteL6FI,supporting-clip-needs-episode-link,,,0.578
youtube,8Qyv7nxyDB8,Jacob Stewart - Hound of Heaven,,200,https://www.youtube.com/watch?v=8Qyv7nxyDB8,supporting-clip-needs-episode-link,,,0.458
youtube,7qQJq6qVnrU,James Web  Space Telescope Causes Panic,,1047,https://www.youtube.com/watch?v=7qQJq6qVnrU,supporting-clip-needs-episode-link,,,0.464
youtube,npSoPJIJPmc,Jayne Blok - Bring Me Closer,,232,https://www.youtube.com/watch?v=npSoPJIJPmc,supporting-clip-needs-episode-link,,,0.476
youtube,5JV7uQNCYag,Jaywalking for Jesus?,,470,https://www.youtube.com/watch?v=5JV7uQNCYag,supporting-clip-needs-episode-link,,,0.562
youtube,LlezeN28P0E,Jeff Arrandale  - Victory,,238,https://www.youtube.com/watch?v=LlezeN28P0E,supporting-clip-needs-episode-link,,,0.476
youtube,9ob1mMamFbU,Jeff Arrandale  Band - Leaning on the Everlasting Arms,,295,https://www.youtube.com/watch?v=9ob1mMamFbU,supporting-clip-needs-episode-link,,,0.5
youtube,CUXNOpR67fI,Jeff Arrandale - Almighty,,350,https://www.youtube.com/watch?v=CUXNOpR67fI,supporting-clip-needs-episode-link,,,0.452
youtube,bdEM60TGWcc,Jeff Arrandale - Certainty,,227,https://www.youtube.com/watch?v=bdEM60TGWcc,supporting-clip-needs-episode-link,,,0.447
youtube,ynOHz4rG4dw,Jeff Arrandale - God You Are Father,,311,https://www.youtube.com/watch?v=ynOHz4rG4dw,supporting-clip-needs-episode-link,,,0.553
youtube,d33DCDtoeto,Jeff Arrandale - Let Us Sing,,279,https://www.youtube.com/watch?v=d33DCDtoeto,supporting-clip-needs-episode-link,,,0.522
youtube,Nmp6h5IFRH8,Jeff Arrandale - Most High,,253,https://www.youtube.com/watch?v=Nmp6h5IFRH8,supporting-clip-needs-episode-link,,,0.558
youtube,vc1WB2qjIx0,Jeff Arrandale - Strange Places,,326,https://www.youtube.com/watch?v=vc1WB2qjIx0,supporting-clip-needs-episode-link,,,0.511
youtube,VN227c_7cR4,Jeff Arrandale - Trust And Obey,,242,https://www.youtube.com/watch?v=VN227c_7cR4,supporting-clip-needs-episode-link,,,0.511
youtube,5MRML5s5Zgc,Jessa Anderson - Caught Me By Surprise,,206,https://www.youtube.com/watch?v=5MRML5s5Zgc,supporting-clip-needs-episode-link,,,0.464
youtube,KLBlefP2DTE,Jessa Anderson - Everybody Has Those Days,,181,https://www.youtube.com/watch?v=KLBlefP2DTE,supporting-clip-needs-episode-link,,,0.424
youtube,SLvFnxr7BoA,Jessa Anderson - Not Myself Anymore,,256,https://www.youtube.com/watch?v=SLvFnxr7BoA,supporting-clip-needs-episode-link,,,0.431
youtube,7usFJLc6zYk,Jessa Anderson - Not What I Thought,,181,https://www.youtube.com/watch?v=7usFJLc6zYk,supporting-clip-needs-episode-link,,,0.507
youtube,v-EFXpG1Ed8,Jessa Anderson - Not What I Thought (Live),,430,https://www.youtube.com/watch?v=v-EFXpG1Ed8,supporting-clip-needs-episode-link,,,0.472
youtube,SfU9M12DUJI,Jessa Anderson - Worship The Lamb,,198,https://www.youtube.com/watch?v=SfU9M12DUJI,supporting-clip-needs-episode-link,,,0.519
youtube,XtrCNoNZ7ws,Jessa Anderson - You Go Before Us,,214,https://www.youtube.com/watch?v=XtrCNoNZ7ws,supporting-clip-needs-episode-link,,,0.5
youtube,_NNZK2KtiG8,Jesus Blocked the Jukebox,,5254,https://www.youtube.com/watch?v=_NNZK2KtiG8,likely-existing-episode-or-supporting-source,ep-002-2204525fe6,2024-01-30,1.0
youtube,3-eoiqKjWzY,Jesus Blocked the Jukebox,,5257,https://www.youtube.com/watch?v=3-eoiqKjWzY,likely-existing-episode-or-supporting-source,ep-002-2204525fe6,2024-01-30,1.0
youtube,gzhifb3-CuI,Jesus Caused Me Health Problems,,148,https://www.youtube.com/watch?v=gzhifb3-CuI,supporting-clip-needs-episode-link,,,0.558
youtube,HEg1XUpMXBA,Jesus Cheats,,4483,https://www.youtube.com/watch?v=HEg1XUpMXBA,likely-existing-episode-or-supporting-source,ep-029-1d71acc8aa,2022-11-17,1.0
youtube,SkIyEVK1hWU,Jesus Guy | Jeff Arrandale on Live From The Path,,221,https://www.youtube.com/watch?v=SkIyEVK1hWU,supporting-clip-needs-episode-link,,,0.508
youtube,D94-InOB2tw,Jesus Is My Life - Jim Scott,,226,https://www.youtube.com/watch?v=D94-InOB2tw,supporting-clip-needs-episode-link,,,0.491
youtube,M31-Bl50o9E,Jesus Ruined My Sex Life,,440,https://www.youtube.com/watch?v=M31-Bl50o9E,supporting-clip-needs-episode-link,,,0.511
youtube,UBrZpeO_qBg,"Jesus loves me, so I can do whatever the heck I want, right?",,103,https://www.youtube.com/watch?v=UBrZpeO_qBg,supporting-clip-needs-episode-link,,,0.425
youtube,IGasLWd6G0s,John Paul Burtch,,5600,https://www.youtube.com/watch?v=IGasLWd6G0s,likely-existing-episode-or-supporting-source,ep-025-25fbab51ce,2022-10-05,1.0
youtube,2AVD3YCn6-U,John Waller Interview,,671,https://www.youtube.com/watch?v=2AVD3YCn6-U,supporting-clip-needs-episode-link,,,0.49
youtube,bTdymn9vR8Q,Jon Acuff Calls Out the Jerk for Jesus,,78,https://www.youtube.com/watch?v=bTdymn9vR8Q,supporting-clip-needs-episode-link,,,0.515
youtube,ABm7ctY5-90,Jon Acuff Part 1,,394,https://www.youtube.com/watch?v=ABm7ctY5-90,supporting-clip-needs-episode-link,,,0.5
youtube,3yx16t4o2_Q,Jon Acuff Part 2,,280,https://www.youtube.com/watch?v=3yx16t4o2_Q,supporting-clip-needs-episode-link,,,0.5
youtube,q0LSomoX8yw,Jon Acuff Part 3,,103,https://www.youtube.com/watch?v=q0LSomoX8yw,supporting-clip-needs-episode-link,,,0.5
youtube,6PD_ubZVFBU,"Jumbled Up, Untrustworthy Emotions",,56,https://www.youtube.com/watch?v=6PD_ubZVFBU,supporting-clip-needs-episode-link,,,0.475
youtube,w470gyYwZhs,Just Do It,,4630,https://www.youtube.com/watch?v=w470gyYwZhs,likely-existing-episode-or-supporting-source,ep-003-87be897d60,2022-02-07,1.0
youtube,rNC0WumX9kI,Just For The Taste Of It,,3794,https://www.youtube.com/watch?v=rNC0WumX9kI,likely-existing-episode-or-supporting-source,ep-015-8adbe0544f,2024-06-11,1.0
youtube,0LBwdQDF60U,Just for the Taste of It,,3801,https://www.youtube.com/watch?v=0LBwdQDF60U,likely-existing-episode-or-supporting-source,ep-015-8adbe0544f,2024-06-11,1.0
youtube,e6jfA2kJdtY,Justice is Mine,,5720,https://www.youtube.com/watch?v=e6jfA2kJdtY,likely-existing-episode-or-supporting-source,ep-025-b84af4ab58,2024-09-10,1.0
youtube,Ax0xXa2gpc0,K-Jay - Interview,,600,https://www.youtube.com/watch?v=Ax0xXa2gpc0,supporting-clip-needs-episode-link,,,0.512
youtube,I2dfkYriUSg,KFC Employee asks 3-year-old to leave because of her face,,311,https://www.youtube.com/watch?v=I2dfkYriUSg,supporting-clip-needs-episode-link,,,0.374
youtube,EOrWw3-fSlM,Kenny Got A Plane,,3761,https://www.youtube.com/watch?v=EOrWw3-fSlM,likely-existing-episode-or-supporting-source,ep-002-cf2398c51e,2018-01-23,1.0
youtube,J8w9rP1-A8k,Kevin Cloud Interview | God and Hamilton,,1256,https://www.youtube.com/watch?v=J8w9rP1-A8k,long-form-needs-date-reconciliation,,,0.593
youtube,uDRaUVTu2-0,Kevin Lindgren - Come To Me,,152,https://www.youtube.com/watch?v=uDRaUVTu2-0,supporting-clip-needs-episode-link,,,0.515
youtube,ZvPLke0P_dc,Kevin Lindgren - Don't Let Me Stray,,169,https://www.youtube.com/watch?v=ZvPLke0P_dc,supporting-clip-needs-episode-link,,,0.478
youtube,9Oe7y2lpQDQ,Kevin Lindgren - If God Be For Us,,192,https://www.youtube.com/watch?v=9Oe7y2lpQDQ,supporting-clip-needs-episode-link,,,0.472
youtube,rFvt0qBfv44,Kevin Lindgren - No One But Me,,226,https://www.youtube.com/watch?v=rFvt0qBfv44,supporting-clip-needs-episode-link,,,0.464
youtube,RWy3GKtU5P4,Kevin Lindgren - Put My Faith In You,,151,https://www.youtube.com/watch?v=RWy3GKtU5P4,supporting-clip-needs-episode-link,,,0.455
youtube,zfCNwh2r1VM,Kevin Lindgren - Set Me Free,,207,https://www.youtube.com/watch?v=zfCNwh2r1VM,supporting-clip-needs-episode-link,,,0.462
youtube,uZJn65QJjfg,"King MC - ""Erik Stephen""",,61,https://www.youtube.com/watch?v=uZJn65QJjfg,supporting-clip-needs-episode-link,,,0.444
youtube,qd3oBjmYVQo,Know Self Control,,4074,https://www.youtube.com/watch?v=qd3oBjmYVQo,likely-existing-episode-or-supporting-source,ep-015-28bf70b8f3,2024-06-04,1.0
youtube,OB1yX7zDOrc,Know Self Control | 2024 Episode 14,,4069,https://www.youtube.com/watch?v=OB1yX7zDOrc,likely-existing-episode-or-supporting-source,ep-014-1488ae5d70,2024-05-28,1.0
youtube,EO7ztDl9Ab4,LFTP Advice: Can your husband be my brother’s friend?,,660,https://www.youtube.com/watch?v=EO7ztDl9Ab4,supporting-clip-needs-episode-link,,,0.478
youtube,PkWcGuYv3f4,LFTP Advice: Is it creepy to buy breakfast for my younger single mom neighbor?,,223,https://www.youtube.com/watch?v=PkWcGuYv3f4,supporting-clip-needs-episode-link,,,0.389
youtube,GnFoJGwjuqQ,LFTP Promo 2019Ep10 3,,60,https://www.youtube.com/watch?v=GnFoJGwjuqQ,likely-existing-episode-or-supporting-source,,2019-05-07,1.0
youtube,KT-VsQ7Nens,Lady Needs Advice Talking Politics With Friend,,43,https://www.youtube.com/watch?v=KT-VsQ7Nens,supporting-clip-needs-episode-link,,,0.452
youtube,AQaHBihMryA,Laughing in the Face of Death - Unscene Patrol,,321,https://www.youtube.com/watch?v=AQaHBihMryA,supporting-clip-needs-episode-link,,,0.454
youtube,glEN6x9pG50,Leave The Light On - Ryan Sheeler,,274,https://www.youtube.com/watch?v=glEN6x9pG50,supporting-clip-needs-episode-link,,,0.56
youtube,p805xO-eRbE,Leaving the Church Post-COVID,,56,https://www.youtube.com/watch?v=p805xO-eRbE,supporting-clip-needs-episode-link,,,0.507
youtube,0bPWhnI9tAM,Light45 - Bringing You Back To Life,,177,https://www.youtube.com/watch?v=0bPWhnI9tAM,supporting-clip-needs-episode-link,,,0.492
youtube,5BwruIz2BXY,Light45 - Steeped (acoustic),,118,https://www.youtube.com/watch?v=5BwruIz2BXY,supporting-clip-needs-episode-link,,,0.526
youtube,HjMWnXrOi-c,Light45 - The Maze,,199,https://www.youtube.com/watch?v=HjMWnXrOi-c,supporting-clip-needs-episode-link,,,0.571
youtube,ZvEos5dP3eM,Like Jesus,,5560,https://www.youtube.com/watch?v=ZvEos5dP3eM,likely-existing-episode-or-supporting-source,ep-019-1970441d6e,2025-09-16,1.0
youtube,zQasmHT1qvg,Lindgren and Lewis: I Saw The Light,,186,https://www.youtube.com/watch?v=zQasmHT1qvg,supporting-clip-needs-episode-link,,,0.491
youtube,iwvFKHsKRYA,Listening - Chandra Knudsen,,242,https://www.youtube.com/watch?v=iwvFKHsKRYA,supporting-clip-needs-episode-link,,,0.486
youtube,6SYDv-L4a8c,Listening to Your Phone More Than Your Wife,,56,https://www.youtube.com/watch?v=6SYDv-L4a8c,supporting-clip-needs-episode-link,,,0.493
youtube,GtvkA0vyr48,Little Things,,5914,https://www.youtube.com/watch?v=GtvkA0vyr48,likely-existing-episode-or-supporting-source,ep-005-8d27497979,2023-03-06,1.0
youtube,VEjzWAjY_WE,Little Things | 2023 Episode 05,,5919,https://www.youtube.com/watch?v=VEjzWAjY_WE,likely-existing-episode-or-supporting-source,ep-005-8d27497979,2023-03-06,1.0
youtube,UWz2A7gfcQI,Live From The Path Opening,,61,https://www.youtube.com/watch?v=UWz2A7gfcQI,supporting-clip-needs-episode-link,,,0.444
youtube,49HDxbDBDx8,Live From The Path | 2018 E12,,3448,https://www.youtube.com/watch?v=49HDxbDBDx8,likely-existing-episode-or-supporting-source,ep-012-fef73f2f9e,2018-08-21,1.0
youtube,vZK4O4o8URg,Live From The Path | 2018 E13,,4943,https://www.youtube.com/watch?v=vZK4O4o8URg,likely-existing-episode-or-supporting-source,ep-013-3a62c3a003,2018-09-05,1.0
youtube,WmmdXjFVbu8,Live From The Path | 2018 E14,,4345,https://www.youtube.com/watch?v=WmmdXjFVbu8,likely-existing-episode-or-supporting-source,ep-014-d300302fd8,2018-09-18,1.0
youtube,lUYwknjlpOE,Live From The Path | 2018 E15,,3139,https://www.youtube.com/watch?v=lUYwknjlpOE,likely-existing-episode-or-supporting-source,ep-015-af05502ec7,2018-09-25,1.0
youtube,BdvrM2ssT-k,Live From The Path | 2018 E16,,4533,https://www.youtube.com/watch?v=BdvrM2ssT-k,long-form-needs-date-reconciliation,,,0.75
youtube,BtkEWUOfd7A,Live From The Path | 2018 E17,,3453,https://www.youtube.com/watch?v=BtkEWUOfd7A,likely-existing-episode-or-supporting-source,ep-017-9f8076d313,2018-10-16,1.0
youtube,zYVZwiTt7jA,Live From The Path | 2018 E18,,3479,https://www.youtube.com/watch?v=zYVZwiTt7jA,likely-existing-episode-or-supporting-source,ep-018-8055a3c660,2018-10-23,1.0
youtube,Fnc6np658Uo,Live From The Path | 2018 E19,,4326,https://www.youtube.com/watch?v=Fnc6np658Uo,likely-existing-episode-or-supporting-source,ep-019-bbe9ed7787,2018-11-06,1.0
youtube,9O9pztf-Wt8,Live From The Path | 2018 E20,,4661,https://www.youtube.com/watch?v=9O9pztf-Wt8,likely-existing-episode-or-supporting-source,ep-020-b49953ea32,2018-11-13,1.0
youtube,bX1qca7C5sg,Live From The Path | 2018 E21,,4804,https://www.youtube.com/watch?v=bX1qca7C5sg,likely-existing-episode-or-supporting-source,ep-021-1b9ce0468a,2018-11-20,1.0
youtube,e-rtHTLujUk,Live From The Path | 2018 E22,,4554,https://www.youtube.com/watch?v=e-rtHTLujUk,likely-existing-episode-or-supporting-source,ep-022-6b5dbf3a62,2018-12-04,1.0
youtube,L8zjN4ZJ2lA,Live From The Path | 2018 Episode 23,,4174,https://www.youtube.com/watch?v=L8zjN4ZJ2lA,likely-existing-episode-or-supporting-source,2016-episode-23-377946b0ca,2016-06-28,0.857
youtube,54ysiC6TUnU,Live From The Path | 2018 Episode 24,,4515,https://www.youtube.com/watch?v=54ysiC6TUnU,likely-existing-episode-or-supporting-source,ep-024-3a2e6f24ba,2018-12-11,1.0
youtube,HYDXa62aO0A,Live From The Path | 2019 E04,,4684,https://www.youtube.com/watch?v=HYDXa62aO0A,likely-existing-episode-or-supporting-source,ep-004-07c9412b43,2019-03-13,1.0
youtube,QvYnBxd_kbY,Live From The Path | 2019 Episode 01,,3409,https://www.youtube.com/watch?v=QvYnBxd_kbY,likely-existing-episode-or-supporting-source,ep-001-4c679108e1,2019-01-15,1.0
youtube,WwllizxW1Z4,Live From The Path | 2019 Episode 07,,2656,https://www.youtube.com/watch?v=WwllizxW1Z4,likely-existing-episode-or-supporting-source,ep-007-a8c2058d86,2019-04-16,1.0
youtube,2B6lI5kIKTk,Live From The Path | 2019 Episode 08,,3283,https://www.youtube.com/watch?v=2B6lI5kIKTk,likely-existing-episode-or-supporting-source,ep-008-c81e17215f,2019-04-23,1.0
youtube,KBsSMF8otSw,Live From The Path | 2019 Episode 10,,5305,https://www.youtube.com/watch?v=KBsSMF8otSw,likely-existing-episode-or-supporting-source,,2019-05-07,1.0
youtube,HkbM-8yZ42E,Live From The Path | 2019 Episode 11,,3679,https://www.youtube.com/watch?v=HkbM-8yZ42E,likely-existing-episode-or-supporting-source,ep-011-aafe9f7862,2019-06-06,1.0
youtube,YYeIDZm4yh8,Live From The Path | 2019 Episode 12,,5399,https://www.youtube.com/watch?v=YYeIDZm4yh8,likely-existing-episode-or-supporting-source,ep-012-cb0a23e97d,2019-06-06,1.0
youtube,X0FHcY7vk_4,Live From The Path | 2019 Episode 13,,4746,https://www.youtube.com/watch?v=X0FHcY7vk_4,likely-existing-episode-or-supporting-source,ep-013-ed39b95a2c,2019-06-11,1.0
youtube,u2qk_rYu72g,Live From The Path | 2019 Episode 14,,4799,https://www.youtube.com/watch?v=u2qk_rYu72g,likely-existing-episode-or-supporting-source,,2019-07-01,1.0
youtube,MTQl9j6mfME,Live From The Path | 2019 Episode 15,,5229,https://www.youtube.com/watch?v=MTQl9j6mfME,likely-existing-episode-or-supporting-source,ep-015-2f70936ed3,2019-07-09,1.0
youtube,lqEjxYMjgcc,Live From The Path | 2019 Episode 16,,6244,https://www.youtube.com/watch?v=lqEjxYMjgcc,long-form-needs-date-reconciliation,,,0.8
youtube,o4rjeMw63tk,Live From The Path | 2019 Episode 18,,6298,https://www.youtube.com/watch?v=o4rjeMw63tk,likely-existing-episode-or-supporting-source,ep-018-5564d74bee,2019-08-20,1.0
youtube,sHWa6_xPsw0,Live From The Path | 2019 Episode 19,,4721,https://www.youtube.com/watch?v=sHWa6_xPsw0,likely-existing-episode-or-supporting-source,ep-019-a4f76e03f0,2019-08-29,1.0
youtube,TRgRd8w-_68,Live From The Path | 2019 Episode 2,,4759,https://www.youtube.com/watch?v=TRgRd8w-_68,likely-existing-episode-or-supporting-source,ep-002-c8ba10a831,2019-01-29,1.0
youtube,rvP68_SthI8,Live From The Path | 2019 Episode 20,,4111,https://www.youtube.com/watch?v=rvP68_SthI8,likely-existing-episode-or-supporting-source,,2019-09-03,1.0
youtube,u9VDm6sfuf4,Live From The Path | 2019 Episode 21,,4904,https://www.youtube.com/watch?v=u9VDm6sfuf4,likely-existing-episode-or-supporting-source,ep-021-166616bb61,2019-09-24,1.0
youtube,fjelvDRgCEY,Live From The Path | 2019 Episode 22,,4723,https://www.youtube.com/watch?v=fjelvDRgCEY,likely-existing-episode-or-supporting-source,ep-022-a2192b5dfc,2019-10-15,1.0
youtube,Si49ldxJbyI,Live From The Path | 2019 Episode 23,,3929,https://www.youtube.com/watch?v=Si49ldxJbyI,likely-existing-episode-or-supporting-source,ep-023-a974e2f6dd,2019-10-22,1.0
youtube,8jUExMHu7E8,Live From The Path | 2019 Episode 24,,5204,https://www.youtube.com/watch?v=8jUExMHu7E8,likely-existing-episode-or-supporting-source,,2019-11-05,1.0
youtube,Qjms-kRwkoc,Live From The Path | 2019 Episode 25,,5308,https://www.youtube.com/watch?v=Qjms-kRwkoc,likely-existing-episode-or-supporting-source,ep-025-79c7c092dc,2019-11-12,1.0
youtube,a1gv3OWTBkk,Live From The Path | 2019 Episode 26,,4464,https://www.youtube.com/watch?v=a1gv3OWTBkk,likely-existing-episode-or-supporting-source,ep-026-5e286bca88,2019-11-22,1.0
youtube,NiXv_6enghY,Live From The Path | 2019 Episode 28,,5934,https://www.youtube.com/watch?v=NiXv_6enghY,likely-existing-episode-or-supporting-source,ep-028-a7c3a62f14,2019-12-10,1.0
youtube,dAIIF0ywq5k,Live From The Path | 2019 Episode 29,,4240,https://www.youtube.com/watch?v=dAIIF0ywq5k,likely-existing-episode-or-supporting-source,ep-029-ee66008231,2019-12-24,1.0
youtube,qB7QWdNNnW4,Live From The Path | 2019 Episode 3,,4243,https://www.youtube.com/watch?v=qB7QWdNNnW4,likely-existing-episode-or-supporting-source,ep-003-e017b4cde5,2019-02-26,1.0
youtube,Oye3r0yAf4k,Live From The Path | 2019 Episode 30,,6113,https://www.youtube.com/watch?v=Oye3r0yAf4k,likely-existing-episode-or-supporting-source,ep-030-349c1adcde,2019-12-31,1.0
youtube,HoV3JKBXE8w,Live From The Path | 2019 Episode 5,,4050,https://www.youtube.com/watch?v=HoV3JKBXE8w,long-form-needs-date-reconciliation,,,0.833
youtube,jIcHSmsZHqs,Live From The Path | 2019 Episode 6,,4061,https://www.youtube.com/watch?v=jIcHSmsZHqs,likely-existing-episode-or-supporting-source,ep-006-b6396732e2,2019-04-09,1.0
youtube,qfWzU_SmnbA,Live From The Path | 2019 Episode 9,,4412,https://www.youtube.com/watch?v=qfWzU_SmnbA,likely-existing-episode-or-supporting-source,ep-009-ab3e7ade7c,2019-05-07,1.0
youtube,gpLyqs41XEc,Live From The Path | 2020 E21,,4364,https://www.youtube.com/watch?v=gpLyqs41XEc,likely-existing-episode-or-supporting-source,ep-021-1134aadbc3,2020-10-04,1.0
youtube,8dwVKaBx8uQ,Live From The Path | 2020 E22,,4731,https://www.youtube.com/watch?v=8dwVKaBx8uQ,likely-existing-episode-or-supporting-source,ep-022-6fc367f70f,2020-10-04,1.0
youtube,oIgjNmAO-Zg,Live From The Path | 2020 E23,,4980,https://www.youtube.com/watch?v=oIgjNmAO-Zg,likely-existing-episode-or-supporting-source,ep-023-d0d4e17de4,2020-10-07,1.0
youtube,RrbrUPWn74I,Live From The Path | 2020 E24,,3998,https://www.youtube.com/watch?v=RrbrUPWn74I,likely-existing-episode-or-supporting-source,ep-024-582dc5fb98,2020-10-07,1.0
youtube,_ehWE_GcszM,Live From The Path | 2020 Episode 03,,6237,https://www.youtube.com/watch?v=_ehWE_GcszM,likely-existing-episode-or-supporting-source,ep-003-9aa3463f65,2020-01-21,1.0
youtube,zrv7Kq9vqYA,Live From The Path | 2020 Episode 04,,5958,https://www.youtube.com/watch?v=zrv7Kq9vqYA,likely-existing-episode-or-supporting-source,ep-004-cbba742eff,2020-02-04,1.0
youtube,dQn1w92y-ak,Live From The Path | 2020 Episode 05,,5243,https://www.youtube.com/watch?v=dQn1w92y-ak,likely-existing-episode-or-supporting-source,ep-005-edaf521aae,2020-02-18,1.0
youtube,VoFKTAlTUjE,Live From The Path | 2020 Episode 06,,4925,https://www.youtube.com/watch?v=VoFKTAlTUjE,likely-existing-episode-or-supporting-source,ep-006-94b44e3702,2020-03-03,1.0
youtube,sabFN82nlew,Live From The Path | 2020 Episode 07,,3387,https://www.youtube.com/watch?v=sabFN82nlew,likely-existing-episode-or-supporting-source,ep-007-68e6890a49,2020-03-11,1.0
youtube,muRDp6l8-rQ,Live From The Path | 2020 Episode 08,,5147,https://www.youtube.com/watch?v=muRDp6l8-rQ,likely-existing-episode-or-supporting-source,ep-008-516f3d4521,2020-03-17,1.0
youtube,tcjSe3DEDTk,Live From The Path | 2020 Episode 09,,6010,https://www.youtube.com/watch?v=tcjSe3DEDTk,likely-existing-episode-or-supporting-source,ep-009-7115bbcf9f,2020-03-24,1.0
youtube,nhSec-B56Ak,Live From The Path | 2020 Episode 1,,3311,https://www.youtube.com/watch?v=nhSec-B56Ak,likely-existing-episode-or-supporting-source,ep-001-da8037a25c,2020-01-07,1.0
youtube,kAvsCVlzfww,Live From The Path | 2020 Episode 10,,5545,https://www.youtube.com/watch?v=kAvsCVlzfww,likely-existing-episode-or-supporting-source,ep-010-9d77e0e934,2020-03-31,1.0
youtube,uK9opr6zbEI,Live From The Path | 2020 Episode 14,,5216,https://www.youtube.com/watch?v=uK9opr6zbEI,likely-existing-episode-or-supporting-source,ep-014-0a3969672a,2020-04-28,1.0
youtube,A0YlieXCGqI,Live From The Path | 2020 Episode 15,,5152,https://www.youtube.com/watch?v=A0YlieXCGqI,likely-existing-episode-or-supporting-source,ep-015-ca57d4a9a7,2020-05-12,1.0
youtube,jw3U2geCG3w,Live From The Path | 2020 Episode 16,,5051,https://www.youtube.com/watch?v=jw3U2geCG3w,likely-existing-episode-or-supporting-source,ep-016-88360b9263,2020-05-19,1.0
youtube,OBhPIPp0_g4,Live From The Path | 2020 Episode 17,,4421,https://www.youtube.com/watch?v=OBhPIPp0_g4,likely-existing-episode-or-supporting-source,ep-017-11585e6cc7,2020-05-26,1.0
youtube,E8zz6GVi4yQ,Live From The Path | 2020 Episode 18,,6930,https://www.youtube.com/watch?v=E8zz6GVi4yQ,likely-existing-episode-or-supporting-source,ep-018-a4173958e2,2020-06-16,1.0
youtube,QvirBbP1bjA,Live From The Path | 2020 Episode 2,,4532,https://www.youtube.com/watch?v=QvirBbP1bjA,likely-existing-episode-or-supporting-source,ep-002-0dc650cdf0,2020-01-14,1.0
youtube,HV93xWrxXck,Live From The Path | 2020 Episode 20,,5311,https://www.youtube.com/watch?v=HV93xWrxXck,likely-existing-episode-or-supporting-source,ep-020-bc7b2d8eaa,2020-09-01,1.0
youtube,bjkddyoWodU,Live From The Path | 2020 Episode 26,,5051,https://www.youtube.com/watch?v=bjkddyoWodU,likely-existing-episode-or-supporting-source,ep-026-fe19659488,2020-11-06,1.0
youtube,sQ6_2U7Tv94,Live From The Path | 2020 Episode 27,,7570,https://www.youtube.com/watch?v=sQ6_2U7Tv94,likely-existing-episode-or-supporting-source,ep-027-3b90aa89b3,2020-12-08,1.0
youtube,TFr8dMJThK8,Live From The Path | 2020 Episode 28,,4738,https://www.youtube.com/watch?v=TFr8dMJThK8,likely-existing-episode-or-supporting-source,ep-028-a131f06034,2020-12-08,1.0
youtube,RzEfoiFLY-4,Live From The Path | 2020 Episode 29,,5698,https://www.youtube.com/watch?v=RzEfoiFLY-4,likely-existing-episode-or-supporting-source,ep-029-0e6d00e75f,2020-12-16,1.0
youtube,kVgt_5tlz8s,Live From The Path | 2021 Episode 01,,5743,https://www.youtube.com/watch?v=kVgt_5tlz8s,likely-existing-episode-or-supporting-source,ep-001-ee04ef647e,2021-01-05,1.0
youtube,t86pBLfIASQ,Live From The Path | 2021 Episode 02,,5872,https://www.youtube.com/watch?v=t86pBLfIASQ,likely-existing-episode-or-supporting-source,ep-002-2118481794,2021-01-12,1.0
youtube,rQJv8uW7k9c,Live From The Path | 2021 Episode 03,,4608,https://www.youtube.com/watch?v=rQJv8uW7k9c,likely-existing-episode-or-supporting-source,ep-003-96b68e09e5,2021-01-19,1.0
youtube,LCzkj4KULeE,Live From The Path | 2021 Episode 04,,5080,https://www.youtube.com/watch?v=LCzkj4KULeE,likely-existing-episode-or-supporting-source,ep-004-45e62a9c7c,2021-02-02,1.0
youtube,Wn78fZ8L9O8,Live From The Path | 2021 Episode 05,,4655,https://www.youtube.com/watch?v=Wn78fZ8L9O8,likely-existing-episode-or-supporting-source,ep-005-5180f31b43,2021-02-09,1.0
youtube,Ql0JRYkn130,Live From The Path | 2021 Episode 06,,5782,https://www.youtube.com/watch?v=Ql0JRYkn130,likely-existing-episode-or-supporting-source,ep-006-a4abe8c7c2,2021-03-16,1.0
youtube,Gbo5_7g_rkk,Live From The Path | 2021 Episode 07,,5121,https://www.youtube.com/watch?v=Gbo5_7g_rkk,likely-existing-episode-or-supporting-source,ep-007-8814798e75,2021-03-31,1.0
youtube,sec8kH0a-6Y,Live From The Path | 2021 Episode 08,,4377,https://www.youtube.com/watch?v=sec8kH0a-6Y,likely-existing-episode-or-supporting-source,ep-008-700c9bd81b,2021-04-20,1.0
youtube,PS6JkQlNTnQ,Live From The Path | 2021 Episode 09,,5904,https://www.youtube.com/watch?v=PS6JkQlNTnQ,likely-existing-episode-or-supporting-source,ep-009-efddf5d48e,2021-04-27,1.0
youtube,8KUW8sTORvc,Live From The Path | 2021 Episode 10,,5221,https://www.youtube.com/watch?v=8KUW8sTORvc,likely-existing-episode-or-supporting-source,ep-010-df64a38622,2021-05-04,1.0
youtube,uwOtWbyq_iA,Live From The Path | 2021 Episode 11,,2329,https://www.youtube.com/watch?v=uwOtWbyq_iA,likely-existing-episode-or-supporting-source,ep-011-74b5913a9f,2021-06-22,1.0
youtube,mZS4Ae2lpS8,Live From The Path | 2021 Episode 12,,2890,https://www.youtube.com/watch?v=mZS4Ae2lpS8,likely-existing-episode-or-supporting-source,ep-012-a784084536,2021-06-22,1.0
youtube,dkUNDRWBa4I,Live From The Path | 2021 Episode 13,,2217,https://www.youtube.com/watch?v=dkUNDRWBa4I,likely-existing-episode-or-supporting-source,ep-013-cb17691125,2021-06-23,1.0
youtube,VfuDTs3lETk,Live From The Path | Episode 17,,4484,https://www.youtube.com/watch?v=VfuDTs3lETk,long-form-needs-date-reconciliation,,,0.5
youtube,ZcdtLSAQ_TM,Live From the Path Attacked By Wild Mouse,,47,https://www.youtube.com/watch?v=ZcdtLSAQ_TM,supporting-clip-needs-episode-link,,,0.439
youtube,Wapu-hRIISA,Live FromThe Path | 2020 Episode 11,,6422,https://www.youtube.com/watch?v=Wapu-hRIISA,long-form-needs-date-reconciliation,,,0.696
youtube,NZavmYabIeI,Loch Ness Monster Spotted on Apple Maps,,184,https://www.youtube.com/watch?v=NZavmYabIeI,supporting-clip-needs-episode-link,,,0.424
youtube,93-8zqQutcQ,"Love, Love, Love",,179,https://www.youtube.com/watch?v=93-8zqQutcQ,supporting-clip-needs-episode-link,,,0.609
youtube,SmZeSTqCDTU,Luddite From The Path,,4191,https://www.youtube.com/watch?v=SmZeSTqCDTU,likely-existing-episode-or-supporting-source,ep-022-df19bed46f,2025-10-21,1.0
youtube,mGekBq8WuCw,Make It Real - Ryan Sheeler,,266,https://www.youtube.com/watch?v=mGekBq8WuCw,supporting-clip-needs-episode-link,,,0.545
youtube,x6gWMV7cFts,Making Valuable Connections,,254,https://www.youtube.com/watch?v=x6gWMV7cFts,supporting-clip-needs-episode-link,,,0.512
youtube,TP-k_lBdEUk,Man Videos Women Stealing His Stuff at Beach,,227,https://www.youtube.com/watch?v=TP-k_lBdEUk,supporting-clip-needs-episode-link,,,0.478
youtube,jWG35gX1EgU,Man punched in church service then hit with car,,393,https://www.youtube.com/watch?v=jWG35gX1EgU,supporting-clip-needs-episode-link,,,0.442
youtube,c4JSLbHOjeY,"Man's Mom is Dying, Woman gets the Boot",,289,https://www.youtube.com/watch?v=c4JSLbHOjeY,supporting-clip-needs-episode-link,,,0.417
youtube,QgrXHC3LCcQ,Manafest - Every Time You Run (Live),,223,https://www.youtube.com/watch?v=QgrXHC3LCcQ,supporting-clip-needs-episode-link,,,0.462
youtube,hRSCXN19p_I,ManlyMenII.mp4,,547,https://www.youtube.com/watch?v=hRSCXN19p_I,supporting-clip-needs-episode-link,,,0.429
youtube,mVNC6gDhc_o,Mastering Self-Discipline: Overcoming Loopholes in Food Choices,,75,https://www.youtube.com/watch?v=mVNC6gDhc_o,supporting-clip-needs-episode-link,,,0.4
youtube,EYz2WSCRnf4,Matt Baird - Carry Me,,251,https://www.youtube.com/watch?v=EYz2WSCRnf4,supporting-clip-needs-episode-link,,,0.519
youtube,FlhATaZb_cs,Matt Baird - Sleep Well Tonight,,211,https://www.youtube.com/watch?v=FlhATaZb_cs,supporting-clip-needs-episode-link,,,0.462
youtube,bXPkb_SZ8u8,Matthew McConaughey Thanks God,,301,https://www.youtube.com/watch?v=bXPkb_SZ8u8,supporting-clip-needs-episode-link,,,0.449
youtube,d7o4qjfB7Ns,Maybe A Word From God,,5550,https://www.youtube.com/watch?v=d7o4qjfB7Ns,likely-existing-episode-or-supporting-source,ep-021-988f85fd60,2026-08-11,1.0
youtube,8xp7B2i8iR8,Mehna Mehna,,5300,https://www.youtube.com/watch?v=8xp7B2i8iR8,likely-existing-episode-or-supporting-source,ep-009-b9df9f5524,2025-04-29,1.0
youtube,zYbtkOQauT4,Mercies,,219,https://www.youtube.com/watch?v=zYbtkOQauT4,supporting-clip-needs-episode-link,,,0.571
youtube,D26X_bQ-5Uw,Micah Leaverton - I'm a Gypsy,,297,https://www.youtube.com/watch?v=D26X_bQ-5Uw,supporting-clip-needs-episode-link,,,0.476
youtube,ShmGRGWoTMQ,Micah Leaverton - Politicians,,274,https://www.youtube.com/watch?v=ShmGRGWoTMQ,supporting-clip-needs-episode-link,,,0.476
youtube,SliMU_UCGQM,Michael Jackson Hologram Sings Slave to the Rhythm,,355,https://www.youtube.com/watch?v=SliMU_UCGQM,supporting-clip-needs-episode-link,,,0.39
youtube,a-m2AASBczg,Mike Explains the Shofar,,125,https://www.youtube.com/watch?v=a-m2AASBczg,supporting-clip-needs-episode-link,,,0.491
youtube,uMIc3RzMXOY,Mike Fust - Methuselah Went To Nineveh and God Smote Him,,61,https://www.youtube.com/watch?v=uMIc3RzMXOY,supporting-clip-needs-episode-link,,,0.409
youtube,AeOH5j_ixg4,Mike Goes to the Liquor Store,,812,https://www.youtube.com/watch?v=AeOH5j_ixg4,supporting-clip-needs-episode-link,,,0.511
youtube,TLZ0L7i_58o,"Mike Has Gas in Church (Confessions from the back ""pew"")",,58,https://www.youtube.com/watch?v=TLZ0L7i_58o,supporting-clip-needs-episode-link,,,0.441
youtube,v8gSPcUcgl0,Mike lays down the law on bathroom phone usage,,38,https://www.youtube.com/watch?v=v8gSPcUcgl0,supporting-clip-needs-episode-link,,,0.41
youtube,_B5tPEojPXs,Millions in Stolen Nikes found in Front Yard,,177,https://www.youtube.com/watch?v=_B5tPEojPXs,supporting-clip-needs-episode-link,,,0.45
youtube,bl7fSIdUCOw,Mitch McVicker - My Deliverer,,260,https://www.youtube.com/watch?v=bl7fSIdUCOw,supporting-clip-needs-episode-link,,,0.48
youtube,pSTs2_O0dCE,Most People Haven't Put a Ton of Thought Into Their Beliefs,,40,https://www.youtube.com/watch?v=pSTs2_O0dCE,supporting-clip-needs-episode-link,,,0.5
youtube,6Cm0JtvDI1I,Mr. Prayer Closet,,4490,https://www.youtube.com/watch?v=6Cm0JtvDI1I,likely-existing-episode-or-supporting-source,ep-020-4ce5c47f0e,2026-07-21,1.0
youtube,EDtaFXBHEkY,Murph and the End,,5470,https://www.youtube.com/watch?v=EDtaFXBHEkY,likely-existing-episode-or-supporting-source,ep-017-6bcc62d5f4,2024-06-18,1.0
youtube,Pxh1dYpLBjU,My Assistant is Gruff and Calls Me a Brown Noser,,155,https://www.youtube.com/watch?v=Pxh1dYpLBjU,supporting-clip-needs-episode-link,,,0.442
youtube,nJo-9pF9sbU,My Cat Is Pining For Other Men,,865,https://www.youtube.com/watch?v=nJo-9pF9sbU,supporting-clip-needs-episode-link,,,0.537
youtube,pRZ7ZTzwsq8,My Early Years,,6490,https://www.youtube.com/watch?v=pRZ7ZTzwsq8,likely-existing-episode-or-supporting-source,ep-015-f40ee4d0ed,2026-06-08,1.0
youtube,q0MXk4mP09Y,My Friend's Dad Died and I Didn't Cry,,132,https://www.youtube.com/watch?v=q0MXk4mP09Y,supporting-clip-needs-episode-link,,,0.474
youtube,JCP51nJj9n8,My Girl Likes to Holy All the Time | Public Prayer & Worship Culture,,4066,https://www.youtube.com/watch?v=JCP51nJj9n8,likely-existing-episode-or-supporting-source,ep-007-593e405bb7,2026-03-10,1.0
youtube,sfgOO7QqZaQ,My mother-in-law hates me,,331,https://www.youtube.com/watch?v=sfgOO7QqZaQ,supporting-clip-needs-episode-link,,,0.488
youtube,wNzHLvn8FXk,Nanny refuses to work but demands pay,,328,https://www.youtube.com/watch?v=wNzHLvn8FXk,supporting-clip-needs-episode-link,,,0.416
youtube,gtKJAucwBuE,Never Once / I Surrender All,,273,https://www.youtube.com/watch?v=gtKJAucwBuE,supporting-clip-needs-episode-link,,,0.478
youtube,nPTK1GTajjk,Next Crossing - Grace Amazing,,241,https://www.youtube.com/watch?v=nPTK1GTajjk,supporting-clip-needs-episode-link,,,0.511
youtube,9n5jZyYL8PI,Next Crossing - Hey Hey,,220,https://www.youtube.com/watch?v=9n5jZyYL8PI,supporting-clip-needs-episode-link,,,0.462
youtube,N3NMNO5G_2I,No Chapstick in the Ambulance,,219,https://www.youtube.com/watch?v=N3NMNO5G_2I,supporting-clip-needs-episode-link,,,0.489
youtube,7Q8tu6UC82k,No Kissing Before Marriage?!?!,,353,https://www.youtube.com/watch?v=7Q8tu6UC82k,supporting-clip-needs-episode-link,,,0.5
youtube,xPnT-k1tFQQ,No Labels But The Kingdom,,310,https://www.youtube.com/watch?v=xPnT-k1tFQQ,supporting-clip-needs-episode-link,,,0.453
youtube,Azecn6aHTMM,Noah of the Future,,65,https://www.youtube.com/watch?v=Azecn6aHTMM,supporting-clip-needs-episode-link,,,0.545
youtube,cNye48OT-2g,Not Here For Me,,255,https://www.youtube.com/watch?v=cNye48OT-2g,supporting-clip-needs-episode-link,,,0.533
youtube,xWFPAbbz_wE,"Not Sure | Old Testament Law, Holy Spirit Guidance, Christian Discernment",,5994,https://www.youtube.com/watch?v=xWFPAbbz_wE,likely-existing-episode-or-supporting-source,ep-004-eb9eb1ee24,2026-02-03,1.0
youtube,EryiVnPkj9I,Nothing More Than Feelings,,5841,https://www.youtube.com/watch?v=EryiVnPkj9I,likely-existing-episode-or-supporting-source,ep-011-0ed1ab6b61,2023-05-31,1.0
youtube,C7SqAp1NPm8,Nothing More Than Feelings,,5841,https://www.youtube.com/watch?v=C7SqAp1NPm8,likely-existing-episode-or-supporting-source,ep-011-0ed1ab6b61,2023-05-31,1.0
youtube,Z6NtAASsPvg,Nothing Personal,,5283,https://www.youtube.com/watch?v=Z6NtAASsPvg,likely-existing-episode-or-supporting-source,ep-010-a233f41e30,2026-04-21,1.0
youtube,75H21G3GaHc,Old Timer - Kurt Loving,,239,https://www.youtube.com/watch?v=75H21G3GaHc,supporting-clip-needs-episode-link,,,0.533
youtube,AzhR7KCoyvE,On This Rock - Come Home (Live),,302,https://www.youtube.com/watch?v=AzhR7KCoyvE,supporting-clip-needs-episode-link,,,0.476
youtube,wMSjD_I5NfY,On This Rock - Don't Let The World Go By,,222,https://www.youtube.com/watch?v=wMSjD_I5NfY,supporting-clip-needs-episode-link,,,0.5
youtube,6nusL-hvdaA,On This Rock - New Walk,,268,https://www.youtube.com/watch?v=6nusL-hvdaA,supporting-clip-needs-episode-link,,,0.524
youtube,9iM1JAekRSE,On the Couch,,7090,https://www.youtube.com/watch?v=9iM1JAekRSE,likely-existing-episode-or-supporting-source,ep-017-345b6d2c6b,2025-08-19,1.0
youtube,0U29Uiv0PwA,One Parenting Mistake Haunts My Child's Therapy Sessions,,86,https://www.youtube.com/watch?v=0U29Uiv0PwA,supporting-clip-needs-episode-link,,,0.447
youtube,2dgift__b_8,One and Three,,3842,https://www.youtube.com/watch?v=2dgift__b_8,likely-existing-episode-or-supporting-source,ep-020-59dd7f6d67,2023-09-13,1.0
youtube,PPs0v1Zo94w,Onto The Lamb - Jim Scott,,248,https://www.youtube.com/watch?v=PPs0v1Zo94w,supporting-clip-needs-episode-link,,,0.526
youtube,pxrjRYR7pqw,Onyx 2 - You Are Mine,,260,https://www.youtube.com/watch?v=pxrjRYR7pqw,supporting-clip-needs-episode-link,,,0.55
youtube,FOTXKckqKZY,Onyx2 - Walk Away,,256,https://www.youtube.com/watch?v=FOTXKckqKZY,supporting-clip-needs-episode-link,,,0.452
youtube,BpK0apUWa0g,Our Newest Game: Woke or Toke,,758,https://www.youtube.com/watch?v=BpK0apUWa0g,supporting-clip-needs-episode-link,,,0.511
youtube,G0AIF8z70i8,Our take on Snake Handling Churches,,575,https://www.youtube.com/watch?v=G0AIF8z70i8,supporting-clip-needs-episode-link,,,0.512
youtube,lW2X1dPgOBw,Overcoming Criticism and Building Confidence in Your Choices,,61,https://www.youtube.com/watch?v=lW2X1dPgOBw,supporting-clip-needs-episode-link,,,0.423
youtube,rKg9IIgYl8k,Overcoming the Chronic Worry as Christians - Trusting God's Sovereignty,,64,https://www.youtube.com/watch?v=rKg9IIgYl8k,supporting-clip-needs-episode-link,,,0.417
youtube,MOvqh_ZaKsQ,Overexposed,,3825,https://www.youtube.com/watch?v=MOvqh_ZaKsQ,likely-existing-episode-or-supporting-source,ep-002-da21a93ce0,2026-01-13,1.0
youtube,vhFGUX9i3ek,PSWorshiperoftheweek,,180,https://www.youtube.com/watch?v=vhFGUX9i3ek,supporting-clip-needs-episode-link,,,0.468
youtube,sU27qK65K2I,"Paris: The Deeper, Gray Conversation",,182,https://www.youtube.com/watch?v=sU27qK65K2I,supporting-clip-needs-episode-link,,,0.5
youtube,gAvfHYvryaY,Pastor Rico Suave,,4822,https://www.youtube.com/watch?v=gAvfHYvryaY,likely-existing-episode-or-supporting-source,ep-030-9db3882c8e,2024-01-03,1.0
youtube,OCzpsKwUiBk,Pastor Tells Amazing Wolf Story,,110,https://www.youtube.com/watch?v=OCzpsKwUiBk,supporting-clip-needs-episode-link,,,0.473
youtube,ed2AZ75DCTg,Pastors having affairs: A call to action,,109,https://www.youtube.com/watch?v=ed2AZ75DCTg,supporting-clip-needs-episode-link,,,0.435
youtube,tSIPjAFfTl4,Peepads,,535,https://www.youtube.com/watch?v=tSIPjAFfTl4,supporting-clip-needs-episode-link,,,0.5
youtube,6jJ70TtT8AQ,Pieces of My Heart,,202,https://www.youtube.com/watch?v=6jJ70TtT8AQ,supporting-clip-needs-episode-link,,,0.562
youtube,Qu3pNEMDkBc,Politicians and Dan's Books.mp4,,443,https://www.youtube.com/watch?v=Qu3pNEMDkBc,supporting-clip-needs-episode-link,,,0.492
youtube,6BcnuYT65k0,Poo Tracker,,309,https://www.youtube.com/watch?v=6BcnuYT65k0,supporting-clip-needs-episode-link,,,0.462
youtube,Fj8PtbJWTpI,Pope Reese Bobby,,5550,https://www.youtube.com/watch?v=Fj8PtbJWTpI,likely-existing-episode-or-supporting-source,ep-008-20a199e68a,2025-04-22,1.0
youtube,8twvpbjxGck,Pope Style Boova - Trust God,,321,https://www.youtube.com/watch?v=8twvpbjxGck,supporting-clip-needs-episode-link,,,0.488
youtube,i0_vKTyrvqw,Praising You,,182,https://www.youtube.com/watch?v=i0_vKTyrvqw,supporting-clip-needs-episode-link,,,0.583
youtube,IJxRPPxL14A,Psalm 56 - God Is For Me!,,887,https://www.youtube.com/watch?v=IJxRPPxL14A,supporting-clip-needs-episode-link,,,0.421
youtube,_2nnw6N3ubg,Put Your Name On It,,4189,https://www.youtube.com/watch?v=_2nnw6N3ubg,likely-existing-episode-or-supporting-source,ep-012-871b36c8f7,2022-05-25,1.0
youtube,nB6M7phXrYU,"Question 6/21 -  Art, Artists, and the Church",,153,https://www.youtube.com/watch?v=nB6M7phXrYU,supporting-clip-needs-episode-link,,,0.48
youtube,vLayIeYvalQ,Questions,,231,https://www.youtube.com/watch?v=vLayIeYvalQ,supporting-clip-needs-episode-link,,,0.5
youtube,ZgNT-CVqRQI,QuickTrip Johnson,,3278,https://www.youtube.com/watch?v=ZgNT-CVqRQI,likely-existing-episode-or-supporting-source,ep-004-a1085a8127,2023-02-10,1.0
youtube,vg8zLNzJQxQ,Quik Trip Johnson,,26,https://www.youtube.com/watch?v=vg8zLNzJQxQ,likely-existing-episode-or-supporting-source,ep-004-a1085a8127,2023-02-10,0.941
youtube,bNXIcsN6WLA,QuikTrip Johnson | 2023 Episode 04,,3282,https://www.youtube.com/watch?v=bNXIcsN6WLA,likely-existing-episode-or-supporting-source,ep-004-a1085a8127,2023-02-10,1.0
youtube,SKTT0uzztps,RETRO LFTP: Weekend At Bildad’s,,4860,https://www.youtube.com/watch?v=SKTT0uzztps,likely-existing-episode-or-supporting-source,retro-lftp-weekend-at-bildad-s-05b305d402,2026-07-31,1.0
youtube,-jBdS_jnZoc,Race,,231,https://www.youtube.com/watch?v=-jBdS_jnZoc,supporting-clip-needs-episode-link,,,0.545
youtube,xBbHbYNnbxM,Rage The Elephant,,4634,https://www.youtube.com/watch?v=xBbHbYNnbxM,likely-existing-episode-or-supporting-source,ep-024-ff4a23f2b8,2026-09-22,1.0
youtube,ovl5g0cBGfI,Raisin Cakes,,4300,https://www.youtube.com/watch?v=ovl5g0cBGfI,likely-existing-episode-or-supporting-source,ep-023-3ff77f5045,2023-10-18,1.0
youtube,Qu8KHWZPNGg,Raisin Cakes | 2023 Episode 23,,4306,https://www.youtube.com/watch?v=Qu8KHWZPNGg,likely-existing-episode-or-supporting-source,ep-023-3ff77f5045,2023-10-18,1.0
youtube,KPJ0GbEKO9w,Raptors and Heifers,,4345,https://www.youtube.com/watch?v=KPJ0GbEKO9w,likely-existing-episode-or-supporting-source,ep-014-ae95379844,2025-07-01,1.0
youtube,4b1WnxxYC1c,Reaching The Unreachable,,872,https://www.youtube.com/watch?v=4b1WnxxYC1c,supporting-clip-needs-episode-link,,,0.5
youtube,FjPGMgZxMYA,"Read, Protect, and Complain About Your Husband",,3459,https://www.youtube.com/watch?v=FjPGMgZxMYA,likely-existing-episode-or-supporting-source,ep-001-9323a1ada2,2022-01-04,1.0
youtube,9wvxFUQzRYQ,Real Men Conference 2014,,218,https://www.youtube.com/watch?v=9wvxFUQzRYQ,supporting-clip-needs-episode-link,,,0.444
youtube,qCM76E2RJ80,"Red Cups, Really",,488,https://www.youtube.com/watch?v=qCM76E2RJ80,supporting-clip-needs-episode-link,,,0.593
youtube,tbA8H84OHkA,Regrets,,5574,https://www.youtube.com/watch?v=tbA8H84OHkA,likely-existing-episode-or-supporting-source,ep-010-d064f40b4d,2023-05-19,1.0
youtube,gK1cx8LcRnU,Rescue - Saved on Sunday,,224,https://www.youtube.com/watch?v=gK1cx8LcRnU,supporting-clip-needs-episode-link,,,0.585
youtube,ZE9nwNx2Tig,Responding to American Border Crisis,,714,https://www.youtube.com/watch?v=ZE9nwNx2Tig,supporting-clip-needs-episode-link,,,0.594
youtube,tjkPwicgUR4,Rethinking Wealth and Retirement with Phillip Ramsey,,296,https://www.youtube.com/watch?v=tjkPwicgUR4,supporting-clip-needs-episode-link,,,0.416
youtube,GhzIwqX_3dQ,Rightfully Miffed,,3762,https://www.youtube.com/watch?v=GhzIwqX_3dQ,likely-existing-episode-or-supporting-source,ep-003-6d4c70d4fd,2018-02-06,1.0
youtube,yOTjvLgDXBY,Rippin’ Heaters,,4508,https://www.youtube.com/watch?v=yOTjvLgDXBY,likely-existing-episode-or-supporting-source,ep-023-5e3489a930,2025-11-04,1.0
youtube,2AKvPJ7M8_E,"Risky Business | Christian Risk-Taking, Community Engagement, Faith in Action",,5656,https://www.youtube.com/watch?v=2AKvPJ7M8_E,likely-existing-episode-or-supporting-source,ep-006-2e7fd15c5b,2026-03-03,1.0
youtube,o3QR7tp9lk0,Running Man | Jeff Arrandale on Live From The Path,,269,https://www.youtube.com/watch?v=o3QR7tp9lk0,supporting-clip-needs-episode-link,,,0.467
youtube,7SFk7h5MgnU,Ryan Paul Buck - The Life You Gave,,377,https://www.youtube.com/watch?v=7SFk7h5MgnU,supporting-clip-needs-episode-link,,,0.475
youtube,b_iKKOSyEWY,Ryan Paul Buck - You Are The Lord,,277,https://www.youtube.com/watch?v=b_iKKOSyEWY,supporting-clip-needs-episode-link,,,0.468
youtube,JXILUVdHGIk,Ryan Sheeler - In My Eyes,,261,https://www.youtube.com/watch?v=JXILUVdHGIk,supporting-clip-needs-episode-link,,,0.468
youtube,kHxuux-hmVg,Sailing Trip Around the World Ends wtih Sick Child,,408,https://www.youtube.com/watch?v=kHxuux-hmVg,supporting-clip-needs-episode-link,,,0.449
youtube,4rnbhgwUCH0,Sanctified - 13,,284,https://www.youtube.com/watch?v=4rnbhgwUCH0,supporting-clip-needs-episode-link,,,0.429
youtube,H0-6U_EqrSs,Sanctified - Closer to the Edge,,197,https://www.youtube.com/watch?v=H0-6U_EqrSs,supporting-clip-needs-episode-link,,,0.465
youtube,nxUvbOgUecM,Sanctified - Driving Rain,,234,https://www.youtube.com/watch?v=nxUvbOgUecM,supporting-clip-needs-episode-link,,,0.5
youtube,EmthPdy4PtA,Sanctified - You Help Me,,245,https://www.youtube.com/watch?v=EmthPdy4PtA,supporting-clip-needs-episode-link,,,0.462
youtube,d5IKy4DA0SQ,Satellites and Sirens - Interview,,695,https://www.youtube.com/watch?v=d5IKy4DA0SQ,supporting-clip-needs-episode-link,,,0.51
youtube,Zg9-ugnRF4E,"Saul, Naturally",,7080,https://www.youtube.com/watch?v=Zg9-ugnRF4E,likely-existing-episode-or-supporting-source,ep-018-9720a9ea62,2023-08-24,1.0
youtube,3wqXpomr53E,Saved On Sunday - Let It Shine,,168,https://www.youtube.com/watch?v=3wqXpomr53E,supporting-clip-needs-episode-link,,,0.452
youtube,NhhxZzPPQ5Y,Saved On Sunday - Let Your Love Fall,,226,https://www.youtube.com/watch?v=NhhxZzPPQ5Y,supporting-clip-needs-episode-link,,,0.519
youtube,vds_zMhATlU,Saved on Sunday - Change The World,,210,https://www.youtube.com/watch?v=vds_zMhATlU,supporting-clip-needs-episode-link,,,0.592
youtube,RQve5OobFPc,Saved on Sunday - He Is Worthy,,238,https://www.youtube.com/watch?v=RQve5OobFPc,supporting-clip-needs-episode-link,,,0.471
youtube,x2YJEO0eR90,Saved on Sunday - Hey Baby,,375,https://www.youtube.com/watch?v=x2YJEO0eR90,supporting-clip-needs-episode-link,,,0.471
youtube,RvCYuso6pM4,Saved on Sunday - Let Your Love Fall,,228,https://www.youtube.com/watch?v=RvCYuso6pM4,supporting-clip-needs-episode-link,,,0.519
youtube,VO0BWgeH4w8,Saved on Sunday - Tell Everybody,,220,https://www.youtube.com/watch?v=VO0BWgeH4w8,supporting-clip-needs-episode-link,,,0.414
youtube,dkLkR0lr6Pw,Saved on Sunday - YouTube Girl,,200,https://www.youtube.com/watch?v=dkLkR0lr6Pw,supporting-clip-needs-episode-link,,,0.429
youtube,aG0C-yKUoZ0,Saying Flesh,,5220,https://www.youtube.com/watch?v=aG0C-yKUoZ0,likely-existing-episode-or-supporting-source,ep-028-d12593cf02,2023-12-08,1.0
youtube,kCd__mdn6iY,Saying Flesh | 2023 Episode 28,,5191,https://www.youtube.com/watch?v=kCd__mdn6iY,likely-existing-episode-or-supporting-source,ep-028-d12593cf02,2023-12-08,1.0
youtube,pqMlrondwQA,Saying Goodbye to Boova,,1184,https://www.youtube.com/watch?v=pqMlrondwQA,supporting-clip-needs-episode-link,,,0.579
youtube,KYmrGVHxD1M,"Sean Covington - Great, Great, Great",,274,https://www.youtube.com/watch?v=KYmrGVHxD1M,supporting-clip-needs-episode-link,,,0.459
youtube,Leh9xXc9F7A,Secrets and Topless Dudes,,5490,https://www.youtube.com/watch?v=Leh9xXc9F7A,likely-existing-episode-or-supporting-source,ep-010-cc97c82b11,2024-04-16,1.0
youtube,18WbXYRik3E,Secrets and Topless Dudes | 2024 Episode 10,,5481,https://www.youtube.com/watch?v=18WbXYRik3E,likely-existing-episode-or-supporting-source,ep-010-cc97c82b11,2024-04-16,1.0
youtube,o13SqdeQJiw,Secular v. Solomon - 5.28.12,,807,https://www.youtube.com/watch?v=o13SqdeQJiw,supporting-clip-needs-episode-link,,,0.419
youtube,qkBSH0l9C0k,Secular v. Solomon w/ Crystal Joy,,919,https://www.youtube.com/watch?v=qkBSH0l9C0k,supporting-clip-needs-episode-link,,,0.448
youtube,cCPFmDKktW4,Secular v. Solomon w/ Righteous Vendetta,,801,https://www.youtube.com/watch?v=cCPFmDKktW4,supporting-clip-needs-episode-link,,,0.462
youtube,UJkudK2KF1Q,Secular v. Solomon w/Ben Michaels,,691,https://www.youtube.com/watch?v=UJkudK2KF1Q,supporting-clip-needs-episode-link,,,0.475
youtube,AU69zkDgGew,Secular v. Solomon with Nate Beaird,,626,https://www.youtube.com/watch?v=AU69zkDgGew,supporting-clip-needs-episode-link,,,0.464
youtube,cdifH0Pu6P4,Secular vs Solomon,,51,https://www.youtube.com/watch?v=cdifH0Pu6P4,supporting-clip-needs-episode-link,,,0.5
youtube,4aSZxgoAX1c,Secular vs. Solomon w/Chandra Knudsen,,837,https://www.youtube.com/watch?v=4aSZxgoAX1c,supporting-clip-needs-episode-link,,,0.426
youtube,N_K8Tutp7Ns,Sex Trafficking - An Issue of Widows and Orphans,,231,https://www.youtube.com/watch?v=N_K8Tutp7Ns,supporting-clip-needs-episode-link,,,0.44
youtube,3Dh8GD6P9to,Sharing the Gospel Naturally,,60,https://www.youtube.com/watch?v=3Dh8GD6P9to,supporting-clip-needs-episode-link,,,0.619
youtube,m7AUJlnhOcw,Sharing the Gospel Without Fear,,55,https://www.youtube.com/watch?v=m7AUJlnhOcw,supporting-clip-needs-episode-link,,,0.528
youtube,-D2Kp9nogtM,"She Knows, Right?",,4920,https://www.youtube.com/watch?v=-D2Kp9nogtM,likely-existing-episode-or-supporting-source,ep-026-8ca3971a18,2023-11-17,1.0
youtube,CfQuY_TEDzM,"Shofar, Shogood",,5428,https://www.youtube.com/watch?v=CfQuY_TEDzM,likely-existing-episode-or-supporting-source,ep-024-1e306a789f,2022-10-03,1.0
youtube,x0gv9ReG45w,Should Christians be Pansies or Bullies?,,437,https://www.youtube.com/watch?v=x0gv9ReG45w,supporting-clip-needs-episode-link,,,0.506
youtube,euU3G_G2Gpk,Should I Let Folk Autograph My Bible?,,439,https://www.youtube.com/watch?v=euU3G_G2Gpk,supporting-clip-needs-episode-link,,,0.419
youtube,laRQnf-wv9E,Should I Marry This Doofus?,,378,https://www.youtube.com/watch?v=laRQnf-wv9E,supporting-clip-needs-episode-link,,,0.458
youtube,t7ULbs7lc6I,Should We Only Sing Scripture?,,56,https://www.youtube.com/watch?v=t7ULbs7lc6I,supporting-clip-needs-episode-link,,,0.423
youtube,RqGiYNp2UWc,Should we keep Jesus out of funerals?,,544,https://www.youtube.com/watch?v=RqGiYNp2UWc,supporting-clip-needs-episode-link,,,0.438
youtube,xnSnIb1sVIQ,Show Me The Toes,,5420,https://www.youtube.com/watch?v=xnSnIb1sVIQ,likely-existing-episode-or-supporting-source,ep-006-269c47e8e4,2023-03-29,1.0
youtube,GQJJxbQgWaA,Show Me The Toes | 2023 Episode 06,,5432,https://www.youtube.com/watch?v=GQJJxbQgWaA,likely-existing-episode-or-supporting-source,,2023-03-27,1.0
youtube,dkSask-4Jwo,Show Segment - Homeless Tithe and the Million Dollar Mall,,597,https://www.youtube.com/watch?v=dkSask-4Jwo,supporting-clip-needs-episode-link,,,0.462
youtube,2QKfjlVIFtU,Show Segment - Witness @ Work,,598,https://www.youtube.com/watch?v=2QKfjlVIFtU,supporting-clip-needs-episode-link,,,0.519
youtube,FA6vPs2ikUI,"Silly Rabbit | Christianity, Culture, and Navigating Social Expectations",,4077,https://www.youtube.com/watch?v=FA6vPs2ikUI,likely-existing-episode-or-supporting-source,ep-005-db6713baf6,2026-02-10,1.0
youtube,aT5JWMUT6cc,Silversyde  | Can't Let Go (Live),,257,https://www.youtube.com/watch?v=aT5JWMUT6cc,supporting-clip-needs-episode-link,,,0.526
youtube,piJKQGxghNA,"Silversyde - Circus, Circus",,200,https://www.youtube.com/watch?v=piJKQGxghNA,supporting-clip-needs-episode-link,,,0.588
youtube,0Pn1l1_aR0Y,Silversyde - Hear Me,,210,https://www.youtube.com/watch?v=0Pn1l1_aR0Y,supporting-clip-needs-episode-link,,,0.714
youtube,c6zyjNXD-Tg,Silversyde - Memory of You,,187,https://www.youtube.com/watch?v=c6zyjNXD-Tg,supporting-clip-needs-episode-link,,,0.588
youtube,ID0lPOLoHYQ,Sing What You Want,,4643,https://www.youtube.com/watch?v=ID0lPOLoHYQ,likely-existing-episode-or-supporting-source,ep-001-a5a28108d4,2023-01-12,1.0
youtube,k3OWr5Yiatk,Sing What You Want | 2023 Episode 01,,4646,https://www.youtube.com/watch?v=k3OWr5Yiatk,likely-existing-episode-or-supporting-source,ep-001-a5a28108d4,2023-01-12,1.0
youtube,gGmaYjOT_zE,Sittin' In Your Own Pew (And Doin' Nothing Else): Serving God,,606,https://www.youtube.com/watch?v=gGmaYjOT_zE,supporting-clip-needs-episode-link,,,0.467
youtube,SfxHtVDr8RM,Six Sins You Didn't Know You Were Guilty Of,,2776,https://www.youtube.com/watch?v=SfxHtVDr8RM,long-form-needs-date-reconciliation,,,0.455
youtube,cFarNYYT9-k,Six Ways Women Have an Affair?,,1572,https://www.youtube.com/watch?v=cFarNYYT9-k,long-form-needs-date-reconciliation,,,0.481
youtube,NBhUiu-Iuok,Solo Contendere,,3605,https://www.youtube.com/watch?v=NBhUiu-Iuok,likely-existing-episode-or-supporting-source,ep-020-72ca27353b,2024-07-23,1.0
youtube,9EdJw1BEYVg,Solving All Your Money Problems,,3916,https://www.youtube.com/watch?v=9EdJw1BEYVg,likely-existing-episode-or-supporting-source,ep-026-ad0dfe4309,2022-10-11,1.0
youtube,VNtCG-oIO_A,Sometimes It Rains,,200,https://www.youtube.com/watch?v=VNtCG-oIO_A,supporting-clip-needs-episode-link,,,0.683
youtube,9GlEluP6IC8,Sometimes We Read Stuff,,5384,https://www.youtube.com/watch?v=9GlEluP6IC8,likely-existing-episode-or-supporting-source,ep-019-ee541eb772,2022-08-22,1.0
youtube,rYDttfBQZ30,Spielberg kills helpless dinosaur!,,372,https://www.youtube.com/watch?v=rYDttfBQZ30,supporting-clip-needs-episode-link,,,0.45
youtube,xRTbDNBZe64,Split Ends | Interacting with other Denominations,,2997,https://www.youtube.com/watch?v=xRTbDNBZe64,likely-existing-episode-or-supporting-source,ep-009-df33d7d397,2026-04-07,1.0
youtube,rNjBjcEwRkA,Starring Ted Danson as Joab,,6367,https://www.youtube.com/watch?v=rNjBjcEwRkA,likely-existing-episode-or-supporting-source,ep-025-9f007ad25f,2025-11-25,1.0
youtube,-KqMYpOLIFE,Steadfast,,3871,https://www.youtube.com/watch?v=-KqMYpOLIFE,likely-existing-episode-or-supporting-source,ep-032-6a39888b33,2023-01-04,1.0
youtube,F5kHL87-IIQ,Steadfast | 2022 Episode 32,,3882,https://www.youtube.com/watch?v=F5kHL87-IIQ,likely-existing-episode-or-supporting-source,,,1.0
youtube,oOKeUhG1f2A,Street Jesus,,388,https://www.youtube.com/watch?v=oOKeUhG1f2A,supporting-clip-needs-episode-link,,,0.769
youtube,dxDojt16_7Y,Street Justice,,7041,https://www.youtube.com/watch?v=dxDojt16_7Y,likely-existing-episode-or-supporting-source,street-justice-ad8558f5cd,2026-06-30,1.0
youtube,-NhKFDv1L4M,Suicide - Helping Those Who Want To End It,,591,https://www.youtube.com/watch?v=-NhKFDv1L4M,supporting-clip-needs-episode-link,,,0.493
youtube,07z0dsLSdW4,Suicide - Life In The Right Perspective and Heaven,,643,https://www.youtube.com/watch?v=07z0dsLSdW4,supporting-clip-needs-episode-link,,,0.521
youtube,rBYxi50NZaA,Suicide - Talking About It,,227,https://www.youtube.com/watch?v=rBYxi50NZaA,supporting-clip-needs-episode-link,,,0.481
youtube,QoT2GcGPM24,Super Burrito Taco Gordita Crunch,,35,https://www.youtube.com/watch?v=QoT2GcGPM24,supporting-clip-needs-episode-link,,,0.441
youtube,qGTSq8DB9Pk,Supernaw   Destiny,,174,https://www.youtube.com/watch?v=qGTSq8DB9Pk,supporting-clip-needs-episode-link,,,0.545
youtube,jUHk-QVcAWI,Supernaw - California Earthquake,,231,https://www.youtube.com/watch?v=jUHk-QVcAWI,supporting-clip-needs-episode-link,,,0.424
youtube,zzUCh1M3xr8,Supernaw - Don't Go,,162,https://www.youtube.com/watch?v=zzUCh1M3xr8,supporting-clip-needs-episode-link,,,0.5
youtube,B5weqDs39H8,Supernaw - For Keeps,,315,https://www.youtube.com/watch?v=B5weqDs39H8,supporting-clip-needs-episode-link,,,0.533
youtube,5-FhgbF-tUU,Survey Says,,5162,https://www.youtube.com/watch?v=5-FhgbF-tUU,likely-existing-episode-or-supporting-source,ep-017-850ae14184,2017-05-16,1.0
youtube,6V4fD6SO56k,Syndrome of Fire - Best of Me,,242,https://www.youtube.com/watch?v=6V4fD6SO56k,supporting-clip-needs-episode-link,,,0.48
youtube,kkfqmRHSAvA,Syndrome of Fire - Not Letting Go,,285,https://www.youtube.com/watch?v=kkfqmRHSAvA,supporting-clip-needs-episode-link,,,0.459
youtube,O6I6DvzN_-Q,TV Star Kidnaps Prostitute Named Snow White,,359,https://www.youtube.com/watch?v=O6I6DvzN_-Q,supporting-clip-needs-episode-link,,,0.453
youtube,ijS-nwUs4GU,Take My Life,,211,https://www.youtube.com/watch?v=ijS-nwUs4GU,supporting-clip-needs-episode-link,,,0.667
youtube,GVLnySdgTVc,Take the Bible Laughter Quiz,,665,https://www.youtube.com/watch?v=GVLnySdgTVc,supporting-clip-needs-episode-link,,,0.511
youtube,EXQaUgxrO4A,Taking a Hit Off My Son's Oxygen Tank,,50,https://www.youtube.com/watch?v=EXQaUgxrO4A,supporting-clip-needs-episode-link,,,0.469
youtube,z6hk9nbXHS4,Tales From The Path - Dan The Dunce,,323,https://www.youtube.com/watch?v=z6hk9nbXHS4,supporting-clip-needs-episode-link,,,0.593
youtube,5kztYnXLuDg,Tales with Dirk,,5755,https://www.youtube.com/watch?v=5kztYnXLuDg,likely-existing-episode-or-supporting-source,ep-032-e3ff89af4c,2024-11-26,1.0
youtube,7qs98XUvzZY,Tales with Dirk,,5750,https://www.youtube.com/watch?v=7qs98XUvzZY,likely-existing-episode-or-supporting-source,ep-032-e3ff89af4c,2024-11-26,1.0
youtube,j-0VTzLBIO4,Talk Less,,5880,https://www.youtube.com/watch?v=j-0VTzLBIO4,likely-existing-episode-or-supporting-source,ep-018-ccb45eb187,2025-08-26,1.0
youtube,nK2SfK0OKds,Ted Yoder - Calling Out Your Name,,263,https://www.youtube.com/watch?v=nK2SfK0OKds,supporting-clip-needs-episode-link,,,0.507
youtube,16adXD6zAGE,Ted Yoder - Eleanor Rigby,,168,https://www.youtube.com/watch?v=16adXD6zAGE,supporting-clip-needs-episode-link,,,0.512
youtube,I7bCEYEO40Y,Ted Yoder - St. Basil's Hymn,,230,https://www.youtube.com/watch?v=I7bCEYEO40Y,supporting-clip-needs-episode-link,,,0.5
youtube,kiX8S2dau7E,Ten Men Christian Women Should Never Marry,,272,https://www.youtube.com/watch?v=kiX8S2dau7E,supporting-clip-needs-episode-link,,,0.525
youtube,vX46WPszv-I,Ten Reasons Christians should see the Noah Movie (1 to 5),,711,https://www.youtube.com/watch?v=vX46WPszv-I,supporting-clip-needs-episode-link,,,0.415
youtube,B2wbB3AqLvM,Ten Reasons Christians should see the Noah Movie (6 to 10),,896,https://www.youtube.com/watch?v=B2wbB3AqLvM,supporting-clip-needs-episode-link,,,0.41
youtube,BB6n8vlKjO4,Tessa Johnson - All The Best,,225,https://www.youtube.com/watch?v=BB6n8vlKjO4,supporting-clip-needs-episode-link,,,0.49
youtube,oQDIjaWg7Sk,Tessa Johnson - Parachute,,173,https://www.youtube.com/watch?v=oQDIjaWg7Sk,supporting-clip-needs-episode-link,,,0.513
youtube,NY_EkBXecm8,Texas Flood,,4459,https://www.youtube.com/watch?v=NY_EkBXecm8,likely-existing-episode-or-supporting-source,ep-025-a41785722c,2017-09-06,1.0
youtube,I3yOsf3RXYU,The $5 Hobo (aka Ben vs. Mike),,681,https://www.youtube.com/watch?v=I3yOsf3RXYU,supporting-clip-needs-episode-link,,,0.45
youtube,zoq_GkbgopQ,The Answer is Liverpool,,5782,https://www.youtube.com/watch?v=zoq_GkbgopQ,likely-existing-episode-or-supporting-source,ep-012-ee54396395,2025-05-27,1.0
youtube,miTplkIs6a0,The Antagonistic Bison,,6020,https://www.youtube.com/watch?v=miTplkIs6a0,likely-existing-episode-or-supporting-source,ep-019-80a483833c,2024-07-16,1.0
youtube,8ltkhs3PLI4,The Antagonistic Bison,,6028,https://www.youtube.com/watch?v=8ltkhs3PLI4,likely-existing-episode-or-supporting-source,ep-019-80a483833c,2024-07-16,1.0
youtube,XNFPsvUBqEE,The Aslan Wears Prada,,5260,https://www.youtube.com/watch?v=XNFPsvUBqEE,likely-existing-episode-or-supporting-source,ep-006-827a963194,2025-04-08,1.0
youtube,zGwwIkGMJ5Y,The Battle Is Won,,224,https://www.youtube.com/watch?v=zGwwIkGMJ5Y,supporting-clip-needs-episode-link,,,0.645
youtube,roQvrGCsPVQ,The Bible Confuseth,,5432,https://www.youtube.com/watch?v=roQvrGCsPVQ,likely-existing-episode-or-supporting-source,ep-022-0c6acadff0,2024-08-06,1.0
youtube,DXQOhFdlBKs,The Bible Confuseth,,5430,https://www.youtube.com/watch?v=DXQOhFdlBKs,likely-existing-episode-or-supporting-source,ep-022-0c6acadff0,2024-08-06,1.0
youtube,huJKNUBRbKY,The Bog Witch,,5539,https://www.youtube.com/watch?v=huJKNUBRbKY,likely-existing-episode-or-supporting-source,ep-004-0f6e64322c,2025-03-04,1.0
youtube,RT9f-TJRDJ8,The Boy Who Didn't Go To Heaven,,699,https://www.youtube.com/watch?v=RT9f-TJRDJ8,supporting-clip-needs-episode-link,,,0.54
youtube,dG06N4rO4GY,The Caduce,,3960,https://www.youtube.com/watch?v=dG06N4rO4GY,likely-existing-episode-or-supporting-source,ep-022-5c3012d29b,2023-09-26,1.0
youtube,mJdeJym2MKQ,The Caduce | 2023 Episode 22,,3950,https://www.youtube.com/watch?v=mJdeJym2MKQ,likely-existing-episode-or-supporting-source,ep-022-5c3012d29b,2023-09-26,1.0
youtube,HMprVy3YumI,The Christian Lorax,,3966,https://www.youtube.com/watch?v=HMprVy3YumI,likely-existing-episode-or-supporting-source,ep-028-bffe3f407e,2017-10-22,1.0
youtube,22vPAsKgwRs,The Church Can't Disciple For You,,56,https://www.youtube.com/watch?v=22vPAsKgwRs,supporting-clip-needs-episode-link,,,0.5
youtube,rFNr6tIbGNs,The Church Has No (Human) Head,,395,https://www.youtube.com/watch?v=rFNr6tIbGNs,supporting-clip-needs-episode-link,,,0.511
youtube,tP5N7tk9IM0,The Dan,,136,https://www.youtube.com/watch?v=tP5N7tk9IM0,supporting-clip-needs-episode-link,,,0.625
youtube,tuomzZTxQrc,The Details Are Super Important,,4447,https://www.youtube.com/watch?v=tuomzZTxQrc,likely-existing-episode-or-supporting-source,ep-021-e4a57c3336,2022-09-06,1.0
youtube,RzjgVd3jXK0,The End of Editing the ESV Bible,,277,https://www.youtube.com/watch?v=RzjgVd3jXK0,supporting-clip-needs-episode-link,,,0.481
youtube,NX6r0dplx8g,The Evolution of Organisms: From Mutation to Motivation,,89,https://www.youtube.com/watch?v=NX6r0dplx8g,supporting-clip-needs-episode-link,,,0.432
youtube,2cYanrB-xWQ,The Evolution of Organisms: From Mutation to Motivation,,89,https://www.youtube.com/watch?v=2cYanrB-xWQ,supporting-clip-needs-episode-link,,,0.432
youtube,FCZZPhW7buE,The Good News is Relational,,60,https://www.youtube.com/watch?v=FCZZPhW7buE,supporting-clip-needs-episode-link,,,0.596
youtube,yXEouGNFF9Y,The Idol Tannenbaums,,5333,https://www.youtube.com/watch?v=yXEouGNFF9Y,likely-existing-episode-or-supporting-source,ep-031-689734d6e1,2022-12-08,1.0
youtube,YcmNLEwvjeU,The Idol Tannenbaums | 2022 Episode 31,,5333,https://www.youtube.com/watch?v=YcmNLEwvjeU,likely-existing-episode-or-supporting-source,ep-031-689734d6e1,2022-12-08,1.0
youtube,7Q7jtBVirNY,The Illuminati at the Super Bowl,,817,https://www.youtube.com/watch?v=7Q7jtBVirNY,supporting-clip-needs-episode-link,,,0.54
youtube,sdFW4R3nnBk,The Jesus Bait and Switch,,56,https://www.youtube.com/watch?v=sdFW4R3nnBk,supporting-clip-needs-episode-link,,,0.549
youtube,tWwUgsQ4_1I,The Legacy List,,6087,https://www.youtube.com/watch?v=tWwUgsQ4_1I,likely-existing-episode-or-supporting-source,ep-013-9ffe7781cb,2023-06-21,1.0
youtube,aV3_6HWpB0Y,The Legality of Brass Knuckles,,849,https://www.youtube.com/watch?v=aV3_6HWpB0Y,supporting-clip-needs-episode-link,,,0.612
youtube,hLMLnpVhDDM,The Man Romper,,3869,https://www.youtube.com/watch?v=hLMLnpVhDDM,likely-existing-episode-or-supporting-source,ep-017-4e10cdbd45,2017-05-23,1.0
youtube,WRlysDF0E90,The More I See - On This Rock,,310,https://www.youtube.com/watch?v=WRlysDF0E90,supporting-clip-needs-episode-link,,,0.566
youtube,jbKsBzCIxWk,The Next Reformation,,5686,https://www.youtube.com/watch?v=jbKsBzCIxWk,likely-existing-episode-or-supporting-source,ep-016-00b40c97f5,2022-08-01,1.0
youtube,R6kdnsZ20EA,The Next Reformation | 2022 Episode 16,,5711,https://www.youtube.com/watch?v=R6kdnsZ20EA,likely-existing-episode-or-supporting-source,ep-016-00b40c97f5,2022-08-01,1.0
youtube,dSCGHL0yhi0,The Olympic Supper Club,,3436,https://www.youtube.com/watch?v=dSCGHL0yhi0,likely-existing-episode-or-supporting-source,ep-021-486953df0f,2024-07-30,1.0
youtube,8hK2BTvdTWA,The One About The Beard,,276,https://www.youtube.com/watch?v=8hK2BTvdTWA,supporting-clip-needs-episode-link,,,0.556
youtube,b1adgoBw0eo,The Peruvian Gambling Ring,,6010,https://www.youtube.com/watch?v=b1adgoBw0eo,likely-existing-episode-or-supporting-source,ep-027-5dfd961071,2024-09-24,1.0
youtube,zNs19shVmdo,The Peruvian Gambling Ring | 2024 Episode 26,,6005,https://www.youtube.com/watch?v=zNs19shVmdo,likely-existing-episode-or-supporting-source,ep-026-ba10625f7b,2024-09-17,1.0
youtube,RnB5jKqujPI,The Pitfalls of Close Friendships: A Path to Infidelity,,64,https://www.youtube.com/watch?v=RnB5jKqujPI,supporting-clip-needs-episode-link,,,0.444
youtube,n-fr4EQKXlc,The Planes have Demons!,,31,https://www.youtube.com/watch?v=n-fr4EQKXlc,supporting-clip-needs-episode-link,,,0.558
youtube,SSyoOv8HFGw,The Power of a Woman's Word,,374,https://www.youtube.com/watch?v=SSyoOv8HFGw,supporting-clip-needs-episode-link,,,0.5
youtube,m6oLfNxIBbk,The SECRET to Parenting: Trust Over Control!,,89,https://www.youtube.com/watch?v=m6oLfNxIBbk,supporting-clip-needs-episode-link,,,0.493
youtube,esskJPHpl48,The Simple Life,,4557,https://www.youtube.com/watch?v=esskJPHpl48,likely-existing-episode-or-supporting-source,ep-005-4a5d7ef915,2025-03-25,1.0
youtube,rmUxdZpnPCA,The Smattering,,4571,https://www.youtube.com/watch?v=rmUxdZpnPCA,likely-existing-episode-or-supporting-source,ep-021-b2d83986cc,2025-10-07,1.0
youtube,QcUDo88WTcA,"The Spirit, the Goldfish and the Way",,5742,https://www.youtube.com/watch?v=QcUDo88WTcA,likely-existing-episode-or-supporting-source,ep-001-bb5dc05201,2026-01-06,1.0
youtube,bbfVH_TUJpk,The Tennessee Birdwalk,,6706,https://www.youtube.com/watch?v=bbfVH_TUJpk,likely-existing-episode-or-supporting-source,ep-012-9b603b275f,2023-06-13,1.0
youtube,SE9_aPJ-KzY,The Tennessee Birdwalk | 2023 Episode 12,,6706,https://www.youtube.com/watch?v=SE9_aPJ-KzY,likely-existing-episode-or-supporting-source,ep-012-9b603b275f,2023-06-13,1.0
youtube,KEmlQS4KXHk,The Thankful Leper - An Introduction to Bobby's Journey,,273,https://www.youtube.com/watch?v=KEmlQS4KXHk,supporting-clip-needs-episode-link,,,0.426
youtube,NT8sk1VO3nA,The Thankful Leper - An Introduction to Bobby's Journey,,277,https://www.youtube.com/watch?v=NT8sk1VO3nA,supporting-clip-needs-episode-link,,,0.426
youtube,t1C1KaH7t_Q,The World Will Never Know - Now Serving 7,,255,https://www.youtube.com/watch?v=t1C1KaH7t_Q,supporting-clip-needs-episode-link,,,0.475
youtube,yLDEmgReSAY,Thee Uncommon,,6082,https://www.youtube.com/watch?v=yLDEmgReSAY,likely-existing-episode-or-supporting-source,ep-003-96c34a5772,2023-02-01,1.0
youtube,Ikc71YFXZsA,Thee Uncommon,,6081,https://www.youtube.com/watch?v=Ikc71YFXZsA,likely-existing-episode-or-supporting-source,ep-003-96c34a5772,2023-02-01,1.0
youtube,NALR6JVgpqY,Thee Uncommon Experience,,56,https://www.youtube.com/watch?v=NALR6JVgpqY,supporting-clip-needs-episode-link,,,0.703
youtube,7EOGb02ir80,Thee Uncommon | Authentic Community,,52,https://www.youtube.com/watch?v=7EOGb02ir80,supporting-clip-needs-episode-link,,,0.565
youtube,hNl4mB-jB48,Thee Uncommon | The Pillars,,2,https://www.youtube.com/watch?v=hNl4mB-jB48,supporting-clip-needs-episode-link,,,0.684
youtube,GBrE35E2nzg,Thee Uncommon| Responsible Fellas,,56,https://www.youtube.com/watch?v=GBrE35E2nzg,supporting-clip-needs-episode-link,,,0.578
youtube,mBPHZsqaoXc,Theodore Franco,,5120,https://www.youtube.com/watch?v=mBPHZsqaoXc,likely-existing-episode-or-supporting-source,ep-014-acd148f9a3,2026-05-19,1.0
youtube,wzhH61H0scY,There Must Be A Reason,,5580,https://www.youtube.com/watch?v=wzhH61H0scY,likely-existing-episode-or-supporting-source,ep-013-bfe0a02448,2026-05-12,1.0
youtube,hlVk6MOTAlI,There's a Jesus Video Game - What Should Be In It?,,352,https://www.youtube.com/watch?v=hlVk6MOTAlI,supporting-clip-needs-episode-link,,,0.45
youtube,WS3t6JlHBxw,Things Heard to Raise Money on Christian Radio,,651,https://www.youtube.com/watch?v=WS3t6JlHBxw,supporting-clip-needs-episode-link,,,0.535
youtube,T9X_g01b1A4,Things I Could Do Without - Theology 1 Liners,,393,https://www.youtube.com/watch?v=T9X_g01b1A4,supporting-clip-needs-episode-link,,,0.447
youtube,cuaCkCF2Rfk,Things We Don’t Want to Talk About,,4349,https://www.youtube.com/watch?v=cuaCkCF2Rfk,likely-existing-episode-or-supporting-source,ep-006-b418668d5b,2022-03-28,1.0
youtube,OQEH8SiPVLY,This Is Not Love,,6420,https://www.youtube.com/watch?v=OQEH8SiPVLY,likely-existing-episode-or-supporting-source,ep-007-c7536a243d,2024-03-12,1.0
youtube,breRroaGeEU,This Is Not Love | 2024 Episode 07,,6418,https://www.youtube.com/watch?v=breRroaGeEU,likely-existing-episode-or-supporting-source,ep-007-c7536a243d,2024-03-12,1.0
youtube,551wSwZHa4A,Tiger King Made People Re-think Jesus,,56,https://www.youtube.com/watch?v=551wSwZHa4A,supporting-clip-needs-episode-link,,,0.5
youtube,SmXdAiMfRD8,Tim Cooper and Friends - Emmanuel,,243,https://www.youtube.com/watch?v=SmXdAiMfRD8,supporting-clip-needs-episode-link,,,0.464
youtube,fHxQ0yima0s,Tim Timmons Interview,,1333,https://www.youtube.com/watch?v=fHxQ0yima0s,long-form-needs-date-reconciliation,,,0.5
youtube,WL1a60eVx-g,Time to Toss These Kinds of Christians,,281,https://www.youtube.com/watch?v=WL1a60eVx-g,supporting-clip-needs-episode-link,,,0.507
youtube,yRxZLk1FiJE,To Be A Man - Homeless in Hawaii,,249,https://www.youtube.com/watch?v=yRxZLk1FiJE,supporting-clip-needs-episode-link,,,0.471
youtube,oRgOGIT2_I4,To Kneel or to Drag,,5246,https://www.youtube.com/watch?v=oRgOGIT2_I4,likely-existing-episode-or-supporting-source,ep-027-e2fdb2148f,2017-09-26,1.0
youtube,o71DLkzPrUY,Todd Gordon Shares How One Moment Changed His Life,,3575,https://www.youtube.com/watch?v=o71DLkzPrUY,long-form-needs-date-reconciliation,,,0.432
youtube,BLY_rv9zx_w,Todd Stevens - Heaven,,164,https://www.youtube.com/watch?v=BLY_rv9zx_w,supporting-clip-needs-episode-link,,,0.545
youtube,-ehnNSLBr4I,Todd Stevens - My First Love,,246,https://www.youtube.com/watch?v=-ehnNSLBr4I,supporting-clip-needs-episode-link,,,0.476
youtube,vuW4dFCQ0zU,Too Comfortable and New Studio,,365,https://www.youtube.com/watch?v=vuW4dFCQ0zU,supporting-clip-needs-episode-link,,,0.469
youtube,h04QQxVngic,"Too Long, Didn’t Read It",,3296,https://www.youtube.com/watch?v=h04QQxVngic,likely-existing-episode-or-supporting-source,ep-019-34901492af,2017-06-13,1.0
youtube,eCUgXlU6zZ8,Tracy Morgan's Accident; Would You Forgive?,,342,https://www.youtube.com/watch?v=eCUgXlU6zZ8,supporting-clip-needs-episode-link,,,0.416
youtube,NMzC78gZRos,Transforming Communities Through Quechuan Bible Translation,,73,https://www.youtube.com/watch?v=NMzC78gZRos,supporting-clip-needs-episode-link,,,0.421
youtube,nY2ArQmaUms,Trials and Triumphs - Hallelujah,,131,https://www.youtube.com/watch?v=nY2ArQmaUms,supporting-clip-needs-episode-link,,,0.44
youtube,WeBajzCg-3Y,Trials and Triumphs - Mr  Hollywood,,150,https://www.youtube.com/watch?v=WeBajzCg-3Y,supporting-clip-needs-episode-link,,,0.424
youtube,CuHjKCe8Hgo,Trust But Verify,,4840,https://www.youtube.com/watch?v=CuHjKCe8Hgo,likely-existing-episode-or-supporting-source,ep-019-ceafc07dab,2026-07-14,1.0
youtube,dVm9G_w_7MA,Turned Over Not Over,,4618,https://www.youtube.com/watch?v=dVm9G_w_7MA,likely-existing-episode-or-supporting-source,ep-015-dd47af5278,2022-06-30,1.0
youtube,2RBa-iENx14,Turning Around,,1589,https://www.youtube.com/watch?v=2RBa-iENx14,likely-existing-episode-or-supporting-source,ep-028-865a58cc0c,2022-11-17,1.0
youtube,iAqtY1oJ4fY,Turning Debt Worry into Fulfilling Work,,316,https://www.youtube.com/watch?v=iAqtY1oJ4fY,supporting-clip-needs-episode-link,,,0.486
youtube,GENDsQYfbp4,Two Claps and a Ric Flair,,5099,https://www.youtube.com/watch?v=GENDsQYfbp4,likely-existing-episode-or-supporting-source,ep-017-703b260a59,2022-08-04,1.0
youtube,a8r3OMd0kh8,Uncommon Investing,,55,https://www.youtube.com/watch?v=a8r3OMd0kh8,supporting-clip-needs-episode-link,,,0.516
youtube,AoSMf_cvd7c,Understanding What We Don't Understand,,140,https://www.youtube.com/watch?v=AoSMf_cvd7c,supporting-clip-needs-episode-link,,,0.564
youtube,qEHaEPbxOhs,Unlock divine purpose🗝️ Embrace imperfection🔥 Find your true calling💫 #DivinePurpose,,56,https://www.youtube.com/watch?v=qEHaEPbxOhs,supporting-clip-needs-episode-link,,,0.417
youtube,rouslsJdGws,Unlock your emotional truth! 👀 Feelings Can't Be Trusted Part 2 is LIVE! 🔓 #EmotionTruths,,56,https://www.youtube.com/watch?v=rouslsJdGws,supporting-clip-needs-episode-link,,,0.393
youtube,e23017WaX08,Unlocking Faith: Is God Real and Good?,,73,https://www.youtube.com/watch?v=e23017WaX08,supporting-clip-needs-episode-link,,,0.448
youtube,g8wzRgMOA1o,Up Late,,5329,https://www.youtube.com/watch?v=g8wzRgMOA1o,likely-existing-episode-or-supporting-source,ep-020-948005a37e,2025-09-23,1.0
youtube,ETz7DG3Qn0g,Vance Lambert Interview,,353,https://www.youtube.com/watch?v=ETz7DG3Qn0g,supporting-clip-needs-episode-link,,,0.471
youtube,Dy0sz8_n5lc,Vest is Best,,6470,https://www.youtube.com/watch?v=Dy0sz8_n5lc,likely-existing-episode-or-supporting-source,ep-033-3933fae042,2023-01-04,1.0
youtube,QQkUh-lZxuU,Vest is Best | 2022 Episode 33,,6475,https://www.youtube.com/watch?v=QQkUh-lZxuU,likely-existing-episode-or-supporting-source,,2022-12-26,1.0
youtube,CQwA9efDkQ8,Virginia proposal to limit size of gatherings in homes,,239,https://www.youtube.com/watch?v=CQwA9efDkQ8,supporting-clip-needs-episode-link,,,0.393
youtube,3jZ7uzf-dnw,Wanted: Paul and Hope | Paul’s Persecution of Christians and Radical Redemption,,5407,https://www.youtube.com/watch?v=3jZ7uzf-dnw,likely-existing-episode-or-supporting-source,ep-003-5d7294e0e4,2026-01-27,1.0
youtube,OvD4cyaVQzA,Wayne Stewart - 78,,248,https://www.youtube.com/watch?v=OvD4cyaVQzA,supporting-clip-needs-episode-link,,,0.5
youtube,gEyNunI1FpI,Wayne Stewart - Fixing Our Eyes,,257,https://www.youtube.com/watch?v=gEyNunI1FpI,supporting-clip-needs-episode-link,,,0.478
youtube,Rekd1UKfgZI,Wayne Stewart - This Love,,239,https://www.youtube.com/watch?v=Rekd1UKfgZI,supporting-clip-needs-episode-link,,,0.537
youtube,zfkPzi3yA6I,Wayne Stewart - Treasures,,184,https://www.youtube.com/watch?v=zfkPzi3yA6I,supporting-clip-needs-episode-link,,,0.5
youtube,4CPc8v2BgNY,We Are Leo - Interview,,964,https://www.youtube.com/watch?v=4CPc8v2BgNY,supporting-clip-needs-episode-link,,,0.542
youtube,YRcjJFjtUhE,We Are More - Unscene Patrol,,253,https://www.youtube.com/watch?v=YRcjJFjtUhE,supporting-clip-needs-episode-link,,,0.5
youtube,8MII6QxfrzY,We Ate The Locusts,,3094,https://www.youtube.com/watch?v=8MII6QxfrzY,likely-existing-episode-or-supporting-source,ep-014-a17fa9836a,2022-06-07,1.0
youtube,d8RsCcJ5cM0,Weekend At Bildad’s,,4860,https://www.youtube.com/watch?v=d8RsCcJ5cM0,likely-existing-episode-or-supporting-source,ep-022-4ae7dd3bc1,2024-08-20,1.0
youtube,T3HRU3W5IJ8,What I Gained When I Lost Religion - Sundays,,506,https://www.youtube.com/watch?v=T3HRU3W5IJ8,supporting-clip-needs-episode-link,,,0.492
youtube,al9ff0Y2Xko,What Should I Do With My Life?,,612,https://www.youtube.com/watch?v=al9ff0Y2Xko,supporting-clip-needs-episode-link,,,0.533
youtube,IGxECPTWGHA,What The Hat,,5312,https://www.youtube.com/watch?v=IGxECPTWGHA,likely-existing-episode-or-supporting-source,ep-016-a9dad06db2,2025-08-12,1.0
youtube,uV6tnwQtPo0,What if people make fun of me for having ADHD?,,415,https://www.youtube.com/watch?v=uV6tnwQtPo0,supporting-clip-needs-episode-link,,,0.427
youtube,MPpE1mFVWmM,What it means to live in the Kingdom of God,,535,https://www.youtube.com/watch?v=MPpE1mFVWmM,supporting-clip-needs-episode-link,,,0.438
youtube,G9UgCGbMwXI,What's in a Name | 2023 Episode 21,,5523,https://www.youtube.com/watch?v=G9UgCGbMwXI,likely-existing-episode-or-supporting-source,ep-021-35718f94b0,2023-09-20,1.0
youtube,uwyb0R0Hpyk,What’s in a Name,,5542,https://www.youtube.com/watch?v=uwyb0R0Hpyk,likely-existing-episode-or-supporting-source,ep-021-35718f94b0,2023-09-20,1.0
youtube,8n8il6uoN_k,When Evil Strikes,,5971,https://www.youtube.com/watch?v=8n8il6uoN_k,likely-existing-episode-or-supporting-source,ep-016-f12334feef,2023-07-26,1.0
youtube,iflKyTell_I,When Goals Can Be Failures,,52,https://www.youtube.com/watch?v=iflKyTell_I,supporting-clip-needs-episode-link,,,0.522
youtube,fbR5SY4IiL0,"When Vanek Was Here | Cambodia Testimony, Church Mission, Josiah Queen",,5422,https://www.youtube.com/watch?v=fbR5SY4IiL0,likely-existing-episode-or-supporting-source,ep-008-863dfd319f,2026-03-17,1.0
youtube,LF5ELmflHQs,Whispering Diesel,,3901,https://www.youtube.com/watch?v=LF5ELmflHQs,likely-existing-episode-or-supporting-source,ep-031-97572b2871,2021-12-27,1.0
youtube,aEWYHWxtds8,Who Needs The Church Anyway.mp4,,730,https://www.youtube.com/watch?v=aEWYHWxtds8,supporting-clip-needs-episode-link,,,0.512
youtube,3Bht_zSrfus,Why Don't We Obey Jesus?,,436,https://www.youtube.com/watch?v=3Bht_zSrfus,supporting-clip-needs-episode-link,,,0.558
youtube,9vg6E6s_Kxg,Why Ladies Cheat,,3111,https://www.youtube.com/watch?v=9vg6E6s_Kxg,likely-existing-episode-or-supporting-source,ep-031-8a84c185fb,2017-11-22,1.0
youtube,J9mlE6-WO_w,Why Not The Second Heaven,,5715,https://www.youtube.com/watch?v=J9mlE6-WO_w,likely-existing-episode-or-supporting-source,ep-026-ba10625f7b,2024-09-17,1.0
youtube,2eXe5_-LhoY,Why Not The Second Heaven,,5560,https://www.youtube.com/watch?v=2eXe5_-LhoY,likely-existing-episode-or-supporting-source,ep-026-ba10625f7b,2024-09-17,1.0
youtube,k3keTqMQiRA,Wings of Refuge,,4815,https://www.youtube.com/watch?v=k3keTqMQiRA,likely-existing-episode-or-supporting-source,ep-032-693a932c90,2017-11-29,1.0
youtube,quWJg_JXmPE,Wisdom and Wonder,,5230,https://www.youtube.com/watch?v=quWJg_JXmPE,likely-existing-episode-or-supporting-source,ep-029-3a2e4da18a,2024-10-22,1.0
youtube,2n9DHcHhPi8,With Christ in the Voting Booth - David Shedlock,,231,https://www.youtube.com/watch?v=2n9DHcHhPi8,supporting-clip-needs-episode-link,,,0.494
youtube,W45hcxt0I5c,With You - Tim Cooper and Friends,,188,https://www.youtube.com/watch?v=W45hcxt0I5c,supporting-clip-needs-episode-link,,,0.516
youtube,QgSIucDj4pg,Woman accidendly sends nude selfie to dad,,285,https://www.youtube.com/watch?v=QgSIucDj4pg,supporting-clip-needs-episode-link,,,0.412
youtube,OVZ7FY8lzhQ,Woman's desperate attempt to fake college degree,,210,https://www.youtube.com/watch?v=OVZ7FY8lzhQ,supporting-clip-needs-episode-link,,,0.37
youtube,mzg5OVe9gZM,Work or Toke - Question 1,,42,https://www.youtube.com/watch?v=mzg5OVe9gZM,supporting-clip-needs-episode-link,,,0.462
youtube,FQHRCqkgkAk,"Worries, Community and Following Jesus",,73,https://www.youtube.com/watch?v=FQHRCqkgkAk,supporting-clip-needs-episode-link,,,0.571
youtube,koXiFuuORW0,Worshipping the Wrong Thing,,48,https://www.youtube.com/watch?v=koXiFuuORW0,supporting-clip-needs-episode-link,,,0.5
youtube,jmBrlKG-vu4,"Would Jesus Use the ""N"" Word?",,266,https://www.youtube.com/watch?v=jmBrlKG-vu4,supporting-clip-needs-episode-link,,,0.51
youtube,V3UA6MyJ0RQ,Would the average Christian celebrate Easter at home?,,466,https://www.youtube.com/watch?v=V3UA6MyJ0RQ,supporting-clip-needs-episode-link,,,0.535
youtube,_JTpMxJpPY4,You Can Buy Me Phalanges,,4994,https://www.youtube.com/watch?v=_JTpMxJpPY4,likely-existing-episode-or-supporting-source,ep-018-fed9a90cae,2024-07-02,1.0
youtube,CEMwQZtu4Og,You Can Buy Me Phalanges,,4950,https://www.youtube.com/watch?v=CEMwQZtu4Og,likely-existing-episode-or-supporting-source,ep-018-fed9a90cae,2024-07-02,1.0
youtube,iyN2utQpNTc,You won't believe what this man's daughter named a chicken!,,50,https://www.youtube.com/watch?v=iyN2utQpNTc,supporting-clip-needs-episode-link,,,0.413
youtube,7tqmces8XXs,You've Got a Nice Rear Dog End,,49,https://www.youtube.com/watch?v=7tqmces8XXs,supporting-clip-needs-episode-link,,,0.464
youtube,RpyYmeTJlds,Youth Initiative,,5881,https://www.youtube.com/watch?v=RpyYmeTJlds,likely-existing-episode-or-supporting-source,ep-027-d45886d289,2022-10-25,1.0
youtube,4xImwUDBcqI,hypokritēs,,5280,https://www.youtube.com/watch?v=4xImwUDBcqI,likely-existing-episode-or-supporting-source,ep-012-4e5330328f,2026-05-05,1.0
youtube,xhpowT-hmmU,5/21/2011 Judgment Day?  Follow Up Discussion,2011-05-21,2034,https://www.youtube.com/watch?v=xhpowT-hmmU,possible-missing-full-show,,,0.351
youtube,A_K_ejrKBns,5/21/2011 Judgment Day?  Interview with Steve Brooks,2011-05-21,2008,https://www.youtube.com/watch?v=A_K_ejrKBns,possible-missing-full-show,,,0.513
youtube,zVKMzqk7cDQ,Secular v. Solomon - 01/14/2013,2013-01-14,760,https://www.youtube.com/watch?v=zVKMzqk7cDQ,likely-existing-episode-or-supporting-source,,2013-01-14,1.0
youtube,vz00INEww-s,Dueteronomy Dan - 1/28/2013,2013-01-28,532,https://www.youtube.com/watch?v=vz00INEww-s,likely-existing-episode-or-supporting-source,,2013-01-28,1.0
youtube,RPjvGzVxfmU,Secular vs. Solomon - 4/1/2013,2013-04-01,1158,https://www.youtube.com/watch?v=RPjvGzVxfmU,likely-existing-episode-or-supporting-source,live-from-the-path-04-01-2013-1ef433d7e9,2013-04-02,1.0
youtube,vZssQgFl_TY,It's The End of the World As We Know It - 7/9/2013,2013-07-09,591,https://www.youtube.com/watch?v=vZssQgFl_TY,likely-existing-episode-or-supporting-source,july-8-2013-podcast-b780bca41a,2013-07-09,1.0
youtube,D0aziy7QVGI,"Live From The Path - February 10, 2014",2014-02-10,5715,https://www.youtube.com/watch?v=D0aziy7QVGI,likely-existing-episode-or-supporting-source,february-10-2014-podcast-8183b25a26,2014-02-16,1.0
youtube,D_-Z1DYHAhY,20141201 83,2014-12-01,4627,https://www.youtube.com/watch?v=D_-Z1DYHAhY,likely-existing-episode-or-supporting-source,,2014-12-01,1.0
youtube,PAAeTUmgu6M,"Live From The Path - December 15, 2014",2014-12-15,5303,https://www.youtube.com/watch?v=PAAeTUmgu6M,likely-existing-episode-or-supporting-source,,2014-12-15,1.0
youtube,EngUyX-fe2U,"Secular vs. Solomon - January 19, 2015",2015-01-19,855,https://www.youtube.com/watch?v=EngUyX-fe2U,likely-existing-episode-or-supporting-source,january-12-2015-podcast-4376d82a3e,2015-01-19,1.0
youtube,wv9FFxqhW60,"Live From The Path - March 2, 2015",2015-03-02,4331,https://www.youtube.com/watch?v=wv9FFxqhW60,likely-existing-episode-or-supporting-source,,2015-03-02,1.0
youtube,5NUZgGVopoc,"Live From The Path - June 15, 2015",2015-06-15,6014,https://www.youtube.com/watch?v=5NUZgGVopoc,likely-existing-episode-or-supporting-source,june-15-2015-podcast-63b16d767a,2015-06-19,1.0
youtube,xhCuHvl5-aI,"June 22, 2015 - Foreverlin",2015-06-22,4871,https://www.youtube.com/watch?v=xhCuHvl5-aI,likely-existing-episode-or-supporting-source,june-22-2015-podcast-8cb941897f,2015-06-24,1.0
youtube,QtPw3DjWSho,Live From The Path - 7/27/2015,2015-07-27,5042,https://www.youtube.com/watch?v=QtPw3DjWSho,likely-existing-episode-or-supporting-source,,2015-07-27,1.0
youtube,72qvi5VIBU4,"Live From The Path - October 19, 2015",2015-10-19,4933,https://www.youtube.com/watch?v=72qvi5VIBU4,likely-existing-episode-or-supporting-source,october-19-2015-podcast-14c6cb7bca,2015-10-20,1.0
youtube,hGRflA5BuHk,"Live From The Path - December 7, 2015",2015-12-07,3408,https://www.youtube.com/watch?v=hGRflA5BuHk,likely-existing-episode-or-supporting-source,december-7-2015-podcast-d3e8ab5866,2015-12-08,1.0
youtube,GVrmO7CDOa0,Live From The Path: 2016 E13 | 04/11/2016,2016-04-11,3921,https://www.youtube.com/watch?v=GVrmO7CDOa0,likely-existing-episode-or-supporting-source,,2016-04-11,1.0
youtube,odowjZIZ4g4,Live From The Path: 2016 E20 | 06/06/2016,2016-06-06,5357,https://www.youtube.com/watch?v=odowjZIZ4g4,likely-existing-episode-or-supporting-source,2016-episode-20-da81d522f6,2016-06-07,1.0
youtube,KxJufkUhxnI,Live From The Path: 2016 E29 | 08/15/2016,2016-08-15,5119,https://www.youtube.com/watch?v=KxJufkUhxnI,likely-existing-episode-or-supporting-source,2016-episode-29-6cbc27897e,2016-08-18,1.0
youtube,H6Ni4w0C7G0,Live From The Path: 2017 E1 | 01/02/2017,2017-01-02,3175,https://www.youtube.com/watch?v=H6Ni4w0C7G0,likely-existing-episode-or-supporting-source,ep-001-e8e472284f,2017-01-03,1.0
youtube,ft_E3qnrr7Q,Live From The Path: 2017 E5 | 02/20/2017,2017-02-20,3694,https://www.youtube.com/watch?v=ft_E3qnrr7Q,likely-existing-episode-or-supporting-source,2017-episode-5-8479e8aef1,2017-02-21,1.0
youtube,Cv8I3N8FBJ4,Live From The Path: 2017 E6 | 02/27/2017,2017-02-27,4231,https://www.youtube.com/watch?v=Cv8I3N8FBJ4,likely-existing-episode-or-supporting-source,2017-episode-6-2955ffa381,2017-02-28,1.0
youtube,60IkPm1vs9I,Live From The Path: 2017 E7 | 03/06/2017,2017-03-06,6563,https://www.youtube.com/watch?v=60IkPm1vs9I,likely-existing-episode-or-supporting-source,2017-episode-7-233e6eebf5,2017-03-09,1.0
youtube,HKQD_Vr7vlA,Live From The Path: 2017 E8 | 03/13/2017,2017-03-13,5257,https://www.youtube.com/watch?v=HKQD_Vr7vlA,likely-existing-episode-or-supporting-source,ep-008-4ceb642f3e,2017-03-14,1.0
youtube,TkiE0E-6MOU,Live From The Path: 2017 E10 | 03/27/2017,2017-03-27,3534,https://www.youtube.com/watch?v=TkiE0E-6MOU,likely-existing-episode-or-supporting-source,2017-episode-10-fd85c724f2,2017-03-28,1.0
youtube,GlRunoLY2pQ,Live From The Path: 2017 E11 | 04/10/2017,2017-04-10,5185,https://www.youtube.com/watch?v=GlRunoLY2pQ,likely-existing-episode-or-supporting-source,2017-episode-11-fff401e20f,2017-04-11,1.0
youtube,pAxgLEsDt6E,Live From The Path: 2017 E12 | 04/17/2017,2017-04-17,4201,https://www.youtube.com/watch?v=pAxgLEsDt6E,likely-existing-episode-or-supporting-source,2017-episode-12-bbcfa855e9,2017-04-18,1.0
youtube,MG6VAfSgqNo,Live From The Path: 2017 E13 | 04/24/2017,2017-04-24,3541,https://www.youtube.com/watch?v=MG6VAfSgqNo,likely-existing-episode-or-supporting-source,2017-episode-13-3badc9ac32,2017-04-30,1.0
youtube,1geVc4nBTtU,Live From The Path: 2017 E14 | 05/01/2017,2017-05-01,3232,https://www.youtube.com/watch?v=1geVc4nBTtU,likely-existing-episode-or-supporting-source,2017-episode-13-3badc9ac32,2017-04-30,1.0
youtube,P_cF7Xn7-zk,Live From The Path: 2017 E15 | 05/08/2017,2017-05-08,4319,https://www.youtube.com/watch?v=P_cF7Xn7-zk,likely-existing-episode-or-supporting-source,2017-episode-15-62ed778169,2017-05-09,1.0
youtube,XzRvsBicJQY,Live From The Path: 2017 E16 | 05/15/2017,2017-05-15,5162,https://www.youtube.com/watch?v=XzRvsBicJQY,likely-existing-episode-or-supporting-source,ep-017-850ae14184,2017-05-16,1.0
youtube,G7_UoiJgyQA,Live From The Path: 2017 E17 | 05/22/2017,2017-05-22,3870,https://www.youtube.com/watch?v=G7_UoiJgyQA,likely-existing-episode-or-supporting-source,ep-017-850ae14184,2017-05-16,1.0
youtube,alRy7Q7TZMU,Live From The Path: 2017 E18 | 06/05/2017,2017-06-05,3390,https://www.youtube.com/watch?v=alRy7Q7TZMU,likely-existing-episode-or-supporting-source,ep-018-6dd8275e8e,2017-06-06,1.0
youtube,eOSmjt89GVA,Live From The Path: 2017 E19 | 06/12/2017,2017-06-12,3299,https://www.youtube.com/watch?v=eOSmjt89GVA,likely-existing-episode-or-supporting-source,ep-019-34901492af,2017-06-13,1.0
youtube,2KVaOrRu3mk,Live From The Path: 2017 E20 | 06/19/2017,2017-06-19,3098,https://www.youtube.com/watch?v=2KVaOrRu3mk,likely-existing-episode-or-supporting-source,ep-020-3033040430,2017-06-20,1.0
youtube,PqNW44cXLHw,Live From The Path: 2017 E21 | 07/10/2017,2017-07-10,3449,https://www.youtube.com/watch?v=PqNW44cXLHw,possible-missing-full-show,,,0.737
youtube,5NJVbJaNPhw,Live From The Path: 2017 E22 | 07/24/2017,2017-07-24,5026,https://www.youtube.com/watch?v=5NJVbJaNPhw,likely-existing-episode-or-supporting-source,ep-022-7eb1bcee42,2017-07-25,1.0
youtube,I21GtOCV34Q,Live From The Path: 2017 E23 | 07/31/2017,2017-07-31,5295,https://www.youtube.com/watch?v=I21GtOCV34Q,likely-existing-episode-or-supporting-source,ep-023-a73cd6f7a7,2017-08-21,1.0
youtube,dfigz0pZ-tM,Live From The Path: 2017 E24 | 08/15/2017,2017-08-15,6018,https://www.youtube.com/watch?v=dfigz0pZ-tM,likely-existing-episode-or-supporting-source,ep-024-ae948b33b4,2017-08-21,1.0
youtube,5TeNFd4Nx6o,Live From The Path: 2017 E25 | 08/28/2017,2017-08-28,4460,https://www.youtube.com/watch?v=5TeNFd4Nx6o,likely-existing-episode-or-supporting-source,ep-025-a41785722c,2017-09-06,1.0
youtube,F8eRQu8evUw,Live From The Path: 2017 E26 | 09/04/2017,2017-09-04,4782,https://www.youtube.com/watch?v=F8eRQu8evUw,likely-existing-episode-or-supporting-source,ep-026-134c99b825,2017-09-06,1.0
youtube,lnMOtOAr1p0,Secular v. Solomon - 9/04/2017,2017-09-04,1142,https://www.youtube.com/watch?v=lnMOtOAr1p0,likely-existing-episode-or-supporting-source,ep-025-a41785722c,2017-09-06,0.85
youtube,iRdWMuU7pLU,Live From The Path: 2017 E27 | 09/25/2017,2017-09-25,5248,https://www.youtube.com/watch?v=iRdWMuU7pLU,likely-existing-episode-or-supporting-source,ep-027-e2fdb2148f,2017-09-26,1.0
youtube,njBWGqMimbE,Live From The Path: 2017 E28 | 10/02/2017,2017-10-02,3969,https://www.youtube.com/watch?v=njBWGqMimbE,likely-existing-episode-or-supporting-source,ep-028-bffe3f407e,2017-10-22,1.0
youtube,5ZXnQBG9tx8,Live From The Path: 2017 E29 | 10/16/2017,2017-10-16,5050,https://www.youtube.com/watch?v=5ZXnQBG9tx8,likely-existing-episode-or-supporting-source,ep-029-4ef2c80abd,2017-10-22,1.0
youtube,NLRkMj6SOGE,Live From The Path: 2017 E30 | 10/23/2017,2017-10-23,6305,https://www.youtube.com/watch?v=NLRkMj6SOGE,likely-existing-episode-or-supporting-source,ep-028-bffe3f407e,2017-10-22,1.0
youtube,31OhuLKZj6E,Live From The Path: 2017 E31 | 11/06/2017,2017-11-06,3117,https://www.youtube.com/watch?v=31OhuLKZj6E,likely-existing-episode-or-supporting-source,ep-031-8a84c185fb,2017-11-22,1.0
youtube,Se78TA1-yU4,Live From The Path: 2017 E32 | 11/27/2017,2017-11-27,4826,https://www.youtube.com/watch?v=Se78TA1-yU4,likely-existing-episode-or-supporting-source,ep-032-693a932c90,2017-11-29,1.0
youtube,u2jDnVM4Cpg,Live From The Path: 2017 E33 | 11/27/2017,2017-11-27,4815,https://www.youtube.com/watch?v=u2jDnVM4Cpg,likely-existing-episode-or-supporting-source,ep-032-693a932c90,2017-11-29,0.85
youtube,hBOz-c70tJM,Live From The Path: 2018 E01 | 01/15/2018,2018-01-15,3565,https://www.youtube.com/watch?v=hBOz-c70tJM,likely-existing-episode-or-supporting-source,ep-001-e6395023a7,2018-01-17,1.0
youtube,kh5gAQtevS8,Live From The Path: 2018 E02 | 01/22/2018,2018-01-22,3762,https://www.youtube.com/watch?v=kh5gAQtevS8,likely-existing-episode-or-supporting-source,ep-002-cf2398c51e,2018-01-23,1.0
youtube,CbTEm6eRBVM,Live From The Path: 2018 E03 | 02/05/2018,2018-02-05,3762,https://www.youtube.com/watch?v=CbTEm6eRBVM,likely-existing-episode-or-supporting-source,ep-003-6d4c70d4fd,2018-02-06,1.0
youtube,8n4ZNZNEUMo,Live From The Path: 2018 E04 | 02/26/2018,2018-02-26,3531,https://www.youtube.com/watch?v=8n4ZNZNEUMo,likely-existing-episode-or-supporting-source,ep-004-3687f2b0b4,2018-02-27,1.0
youtube,lxmOuoomzyE,Live From The Path: 2018 E05 | 03/05/2018,2018-03-05,3151,https://www.youtube.com/watch?v=lxmOuoomzyE,likely-existing-episode-or-supporting-source,ep-005-3e4afe5e95,2018-03-06,1.0
youtube,mdMKXgeZf_E,Live From The Path: 2018 E06 | 03/12/2018,2018-03-12,4929,https://www.youtube.com/watch?v=mdMKXgeZf_E,likely-existing-episode-or-supporting-source,ep-006-d224c6b7a3,2018-03-13,1.0
youtube,CkPMcm6E96M,Non-Biblical Signs of the Apocalypse - 03/12/2018,2018-03-12,1125,https://www.youtube.com/watch?v=CkPMcm6E96M,likely-existing-episode-or-supporting-source,ep-006-d224c6b7a3,2018-03-13,1.0
youtube,LIgsKG8sRfE,Live From The Path: 2018 E07 | 4/9/2018,2018-04-09,4472,https://www.youtube.com/watch?v=LIgsKG8sRfE,likely-existing-episode-or-supporting-source,ep-007-e11cf603b7,2018-04-10,1.0
youtube,IqSYS_Gu078,Live From The Path: 2018 E08 | 4/16/2018,2018-04-16,2904,https://www.youtube.com/watch?v=IqSYS_Gu078,likely-existing-episode-or-supporting-source,ep-008-ca5f401aa4,2018-04-17,1.0
youtube,aVVBAWl6pYM,Live From The Path: 2018 E09 | 5/14/2018,2018-05-14,5458,https://www.youtube.com/watch?v=aVVBAWl6pYM,likely-existing-episode-or-supporting-source,ep-009-4028346113,2018-05-15,1.0
youtube,UrSIDWmZOBc,Live From The Path: 2018 E10 | 5/21/2018,2018-05-21,2910,https://www.youtube.com/watch?v=UrSIDWmZOBc,possible-missing-full-show,,,0.703
youtube,orTfZWMoPvY,Live From The Path: 2018 E11 | 08/06/2018,2018-08-06,4780,https://www.youtube.com/watch?v=orTfZWMoPvY,likely-existing-episode-or-supporting-source,ep-011-c53e9d5ed7,2018-08-07,1.0
youtube,WyQ9hi_9v48,Secular v. Solomon w/ Greg Hudson - 9/3/2018,2018-09-03,907,https://www.youtube.com/watch?v=WyQ9hi_9v48,likely-existing-episode-or-supporting-source,ep-013-3a62c3a003,2018-09-05,0.85
youtube,gZfl-Flicis,Secular vs. Solomon Aug 29 2022,2022-08-29,1575,https://www.youtube.com/watch?v=gZfl-Flicis,likely-existing-episode-or-supporting-source,ep-020-8e23ff96f3,2022-08-29,1.0
