canonical_year,proposed_episode_number,canonical_date,date_source,reported_episode_number,title,status,rss_episode_id,master_audio_source,master_source_reference,preferred_local_file,master_relative_path,metadata_flags,review_flags
2010,1,2010-05-25,filename+year-folder,,,local-only,,local,"2010/20100525-04(songs Dan Doesn't know, cookies, and lots of illegal things such as theft).mp3","2010/20100525-04(songs Dan Doesn't know, cookies, and lots of illegal things such as theft).mp3",Master/2010/05/2010-05-25__S2010E001__episode.mp3,Title missing from embedded metadata,
2010,2,2010-06-08,file-modified-year+filename+year-folder,,,local-only,,local,2010/20100608-05.mp3,2010/20100608-05.mp3,Master/2010/06/2010-06-08__S2010E002__episode.mp3,Title missing from embedded metadata,
2010,3,2010-06-15,file-modified-year+filename+year-folder,,,local-only,,local,2010/20100615-09.mp3,2010/20100615-09.mp3,Master/2010/06/2010-06-15__S2010E003__episode.mp3,Title missing from embedded metadata,
2010,4,2010-06-22,file-modified-year+filename+year-folder,,,local-only,,local,2010/20100622-03.mp3,2010/20100622-03.mp3,Master/2010/06/2010-06-22__S2010E004__episode.mp3,Title missing from embedded metadata,
2010,5,2010-06-29,file-modified-year+filename+year-folder,,,local-only,,local,2010/20100629-04.mp3,2010/20100629-04.mp3,Master/2010/06/2010-06-29__S2010E005__episode.mp3,Title missing from embedded metadata,
2010,6,2010-07-06,file-modified-year+filename+year-folder,,,local-only,,local,2010/20100706-03.mp3,2010/20100706-03.mp3,Master/2010/07/2010-07-06__S2010E006__episode.mp3,Title missing from embedded metadata,
2010,7,2010-07-12,file-modified-year+filename+year-folder,,,local-only,,local,2010/07122010.mp3,2010/07122010.mp3,Master/2010/07/2010-07-12__S2010E007__episode.mp3,Title missing from embedded metadata,
2010,8,2010-07-20,file-modified-year+filename+year-folder,,,local-only,,local,2010/20100720.mp3,2010/20100720.mp3,Master/2010/07/2010-07-20__S2010E008__episode.mp3,Title missing from embedded metadata,
2010,9,2010-07-20,file-modified-year+filename+year-folder,,,local-only,,local,2010/20100720-03.mp3,2010/20100720-03.mp3,Master/2010/07/2010-07-20__S2010E009__episode.mp3,Title missing from embedded metadata,
2010,10,2010-07-27,file-modified-year+filename+year-folder,,,local-only,,local,2010/20100727-06.mp3,2010/20100727-06.mp3,Master/2010/07/2010-07-27__S2010E010__episode.mp3,Title missing from embedded metadata,
2010,11,2010-08-03,file-modified-year+filename+year-folder,,,local-only,,local,2010/20100803.mp3,2010/20100803.mp3,Master/2010/08/2010-08-03__S2010E011__episode.mp3,Title missing from embedded metadata,
2010,12,2010-08-10,file-modified-year+filename+year-folder,,,local-only,,local,2010/20100810.mp3,2010/20100810.mp3,Master/2010/08/2010-08-10__S2010E012__episode.mp3,Title missing from embedded metadata,
2010,13,2010-08-17,file-modified-year+filename+year-folder,,,local-only,,local,2010/20100817.mp3,2010/20100817.mp3,Master/2010/08/2010-08-17__S2010E013__episode.mp3,Title missing from embedded metadata,
2010,14,2010-08-24,file-modified-year+filename+year-folder,,,local-only,,local,2010/20100824.mp3,2010/20100824.mp3,Master/2010/08/2010-08-24__S2010E014__episode.mp3,Title missing from embedded metadata,
2010,15,2010-08-30,file-modified-year+filename+year-folder,,,local-only,,local,2010/20100830.mp3,2010/20100830.mp3,Master/2010/08/2010-08-30__S2010E015__episode.mp3,Title missing from embedded metadata,
2010,16,2010-09-06,file-modified-year+filename+year-folder,,,local-only,,local,2010/20100906.mp3,2010/20100906.mp3,Master/2010/09/2010-09-06__S2010E016__episode.mp3,Title missing from embedded metadata,
2010,17,2010-09-13,file-modified-year+filename+year-folder,,,local-only,,local,2010/20100913.mp3,2010/20100913.mp3,Master/2010/09/2010-09-13__S2010E017__episode.mp3,Title missing from embedded metadata,
2010,18,2010-09-20,file-modified-year+filename+year-folder,,,local-only,,local,2010/20100920 (1).mp3,2010/20100920 (1).mp3,Master/2010/09/2010-09-20__S2010E018__episode.mp3,Title missing from embedded metadata,
2010,19,2010-09-27,file-modified-year+filename+year-folder,,,local-only,,local,2010/20100927 (1).mp3,2010/20100927 (1).mp3,Master/2010/09/2010-09-27__S2010E019__episode.mp3,Title missing from embedded metadata,
2010,20,2010-10-04,file-modified-year+filename+year-folder,,,local-only,,local,2010/20101004 (1).mp3,2010/20101004 (1).mp3,Master/2010/10/2010-10-04__S2010E020__episode.mp3,Title missing from embedded metadata,
2010,21,2010-10-15,filename+year-folder,,,local-only,,local,2010/20101015.mp3,2010/20101015.mp3,Master/2010/10/2010-10-15__S2010E021__episode.mp3,,
2010,22,2010-10-18,file-modified-year+filename+year-folder,,,local-only,,local,2010/20101018 (1).mp3,2010/20101018 (1).mp3,Master/2010/10/2010-10-18__S2010E022__episode.mp3,Title missing from embedded metadata,
2010,23,2010-10-25,file-modified-year+filename+year-folder,,,local-only,,local,2010/20101025 (1).mp3,2010/20101025 (1).mp3,Master/2010/10/2010-10-25__S2010E023__episode.mp3,Title missing from embedded metadata,
2010,24,2010-11-01,filename+year-folder,,,local-only,,local,2010/20101101 (1).mp3,2010/20101101 (1).mp3,Master/2010/11/2010-11-01__S2010E024__episode.mp3,Title missing from embedded metadata,
2010,25,2010-11-08,filename+year-folder,,,local-only,,local,2010/20101108 (1).mp3,2010/20101108 (1).mp3,Master/2010/11/2010-11-08__S2010E025__episode.mp3,Title missing from embedded metadata,
2010,26,2010-11-15,file-modified-year+filename+year-folder,,,local-only,,local,2010/20101115 (1).mp3,2010/20101115 (1).mp3,Master/2010/11/2010-11-15__S2010E026__episode.mp3,Title missing from embedded metadata,
2010,27,2010-11-22,file-modified-year+filename+year-folder,,,local-only,,local,2010/20101122 (1).mp3,2010/20101122 (1).mp3,Master/2010/11/2010-11-22__S2010E027__episode.mp3,Title missing from embedded metadata,
2010,28,2010-11-29,filename+year-folder,,,local-only,,local,2010/20101129 (1).mp3,2010/20101129 (1).mp3,Master/2010/11/2010-11-29__S2010E028__episode.mp3,Title missing from embedded metadata,
2010,29,2010-12-13,filename+year-folder,,,local-only,,local,2010/20101213 (1).mp3,2010/20101213 (1).mp3,Master/2010/12/2010-12-13__S2010E029__episode.mp3,Title missing from embedded metadata,
2010,30,2010-12-20,filename+year-folder,,,local-only,,local,2010/20101220 (1).mp3,2010/20101220 (1).mp3,Master/2010/12/2010-12-20__S2010E030__episode.mp3,Title missing from embedded metadata,
2010,31,2010-12-27,filename+year-folder,,,local-only,,local,2010/20101227 (1).mp3,2010/20101227 (1).mp3,Master/2010/12/2010-12-27__S2010E031__episode.mp3,Title missing from embedded metadata,
2010,32,,unresolved,1,Retro LFTP: Episode 1,local-only,,local,2010/RetroLFTP -Episode1 (2016_10_07 00_26_59 UTC).mp3,2010/RetroLFTP -Episode1 (2016_10_07 00_26_59 UTC).mp3,Master/2010/00-unknown-date/2010-00-00__S2010E032__retro-lftp-episode-1.mp3,Reported episode number differs from date-order sequence,Exact episode date unresolved
2011,1,2011-01-02,file-modified-year+filename+year-folder,,,local-only,,local,2011/20110102.mp3,2011/20110102.mp3,Master/2011/01/2011-01-02__S2011E001__episode.mp3,Title missing from embedded metadata,
2011,2,2011-01-17,file-modified-year+filename+year-folder,,,local-only,,local,2011/20110117.mp3,2011/20110117.mp3,Master/2011/01/2011-01-17__S2011E002__episode.mp3,Title missing from embedded metadata,
2011,3,2011-01-24,file-modified-year+filename+year-folder,,,local-only,,local,2011/20110124.mp3,2011/20110124.mp3,Master/2011/01/2011-01-24__S2011E003__episode.mp3,Title missing from embedded metadata,
2011,4,2011-02-01,file-modified-year+filename+year-folder,,,local-only,,local,2011/20110201.mp3,2011/20110201.mp3,Master/2011/02/2011-02-01__S2011E004__episode.mp3,Title missing from embedded metadata,
2011,5,2011-02-21,file-modified-year+filename+year-folder,,,local-only,,local,2011/20110221.mp3,2011/20110221.mp3,Master/2011/02/2011-02-21__S2011E005__episode.mp3,Title missing from embedded metadata,
2011,6,2011-02-28,embedded-title+file-modified-year+filename+year-folder,,,local-only,,local,2011/20110228.mp3,2011/20110228.mp3,Master/2011/02/2011-02-28__S2011E006__episode.mp3,,
2011,7,2011-03-07,embedded-title+file-modified-year+filename+year-folder,,,local-only,,local,2011/20110307.mp3,2011/20110307.mp3,Master/2011/03/2011-03-07__S2011E007__episode.mp3,,
2011,8,2011-03-21,file-modified-year+filename+year-folder,,,local-only,,local,2011/20110321.mp3,2011/20110321.mp3,Master/2011/03/2011-03-21__S2011E008__episode.mp3,Title missing from embedded metadata,
2011,9,2011-03-21,filename+year-folder,,,local-only,,local,2011/20110321 (2016_10_07 00_26_59 UTC).mp3,2011/20110321 (2016_10_07 00_26_59 UTC).mp3,Master/2011/03/2011-03-21__S2011E009__episode.mp3,Metadata read issue: HeaderNotFoundError: can't sync to MPEG frame | Title missing from embedded metadata,Preferred local audio is unreadable or has invalid media metadata
2011,10,2011-04-04,file-modified-year+filename+year-folder,,,local-only,,local,2011/20110404.mp3,2011/20110404.mp3,Master/2011/04/2011-04-04__S2011E010__episode.mp3,Title missing from embedded metadata,
2011,11,2011-04-11,embedded-title+file-modified-year+filename+year-folder,,,local-only,,local,2011/20110411.mp3,2011/20110411.mp3,Master/2011/04/2011-04-11__S2011E011__episode.mp3,,
2011,12,2011-04-18,embedded-title+file-modified-year+filename+year-folder,,,local-only,,local,2011/20110418.mp3,2011/20110418.mp3,Master/2011/04/2011-04-18__S2011E012__episode.mp3,,
2011,13,2011-04-25,embedded-title+file-modified-year+filename+year-folder,,,local-only,,local,2011/20110425.mp3,2011/20110425.mp3,Master/2011/04/2011-04-25__S2011E013__episode.mp3,,
2011,14,2011-05-02,embedded-title+file-modified-year+filename+year-folder,,,local-only,,local,2011/20110502.mp3,2011/20110502.mp3,Master/2011/05/2011-05-02__S2011E014__episode.mp3,,
2011,15,2011-05-16,file-modified-year+filename+year-folder,,,local-only,,local,2011/20110516.mp3,2011/20110516.mp3,Master/2011/05/2011-05-16__S2011E015__episode.mp3,Title missing from embedded metadata,
2011,16,2011-05-30,embedded-title+file-modified-year+filename+year-folder,,,local-only,,local,2011/20110530.mp3,2011/20110530.mp3,Master/2011/05/2011-05-30__S2011E016__episode.mp3,,
2011,17,2011-06-07,file-modified-year+filename+year-folder,,,local-only,,local,2011/20110607.mp3,2011/20110607.mp3,Master/2011/06/2011-06-07__S2011E017__episode.mp3,Title missing from embedded metadata,
2011,18,2011-06-13,embedded-title+file-modified-year+filename+year-folder,,,local-only,,local,2011/20110613.mp3,2011/20110613.mp3,Master/2011/06/2011-06-13__S2011E018__episode.mp3,,
2011,19,2011-06-20,file-modified-year+filename+year-folder,,,local-only,,local,2011/20110620.mp3,2011/20110620.mp3,Master/2011/06/2011-06-20__S2011E019__episode.mp3,,
2011,20,2011-06-27,file-modified-year+filename+year-folder,,,local-only,,local,2011/20110627LFTP.mp3,2011/20110627LFTP.mp3,Master/2011/06/2011-06-27__S2011E020__episode.mp3,Title missing from embedded metadata,
2011,21,2011-07-18,file-modified-year+filename+year-folder,,,local-only,,local,2011/20110718 (1).mp3,2011/20110718 (1).mp3,Master/2011/07/2011-07-18__S2011E021__episode.mp3,,
2011,22,2011-07-18,file-modified-year+filename+year-folder,,,local-only,,local,2011/20110718.mp3,2011/20110718.mp3,Master/2011/07/2011-07-18__S2011E022__episode.mp3,Title missing from embedded metadata,
2011,23,2011-07-25,file-modified-year+filename+year-folder,,,local-only,,local,2011/20110725.mp3,2011/20110725.mp3,Master/2011/07/2011-07-25__S2011E023__episode.mp3,Title missing from embedded metadata,
2011,24,2011-08-01,file-modified-year+filename+year-folder,,,local-only,,local,2011/20110801.mp3,2011/20110801.mp3,Master/2011/08/2011-08-01__S2011E024__episode.mp3,Title missing from embedded metadata,
2011,25,2011-08-16,file-modified-year+filename+year-folder,,,local-only,,local,2011/20110816.mp3,2011/20110816.mp3,Master/2011/08/2011-08-16__S2011E025__episode.mp3,Title missing from embedded metadata,
2011,26,2011-08-22,file-modified-year+filename+year-folder,,,local-only,,local,2011/20110822part2.mp3,2011/20110822part2.mp3,Master/2011/08/2011-08-22__S2011E026__episode.mp3,Title missing from embedded metadata,File appears to be one part of a multi-part episode
2011,27,2011-08-23,file-modified-year+filename+year-folder,,,local-only,,local,2011/20110823part1.mp3,2011/20110823part1.mp3,Master/2011/08/2011-08-23__S2011E027__episode.mp3,Title missing from embedded metadata,File appears to be one part of a multi-part episode
2011,28,2011-08-29,file-modified-year+filename+year-folder,,,local-only,,local,2011/20110829.mp3,2011/20110829.mp3,Master/2011/08/2011-08-29__S2011E028__episode.mp3,Title missing from embedded metadata,
2011,29,2011-09-05,file-modified-year+filename+year-folder,,,local-only,,local,2011/20110905.mp3,2011/20110905.mp3,Master/2011/09/2011-09-05__S2011E029__episode.mp3,Title missing from embedded metadata,
2011,30,2011-09-12,file-modified-year+filename+year-folder,,,local-only,,local,2011/20110912.mp3,2011/20110912.mp3,Master/2011/09/2011-09-12__S2011E030__episode.mp3,Title missing from embedded metadata,
2011,31,2011-09-19,file-modified-year+filename+year-folder,,,local-only,,local,2011/20110919.mp3,2011/20110919.mp3,Master/2011/09/2011-09-19__S2011E031__episode.mp3,Title missing from embedded metadata,
2011,32,2011-09-27,file-modified-year+filename+year-folder,,,local-only,,local,2011/20110927.mp3,2011/20110927.mp3,Master/2011/09/2011-09-27__S2011E032__episode.mp3,Title missing from embedded metadata,
2011,33,2011-10-03,file-modified-year+filename+year-folder,,,local-only,,local,2011/20111003Part1.mp3,2011/20111003Part1.mp3,Master/2011/10/2011-10-03__S2011E033__episode.mp3,Title missing from embedded metadata,File appears to be one part of a multi-part episode
2011,34,2011-10-03,file-modified-year+filename+year-folder,,,local-only,,local,2011/20111003II.mp3,2011/20111003II.mp3,Master/2011/10/2011-10-03__S2011E034__episode.mp3,Title missing from embedded metadata,Shares a date with an explicitly labeled multi-part file
2011,35,2011-10-03,file-modified-year+filename+year-folder,,,local-only,,local,2011/20111003I.mp3,2011/20111003I.mp3,Master/2011/10/2011-10-03__S2011E035__episode.mp3,Title missing from embedded metadata,Shares a date with an explicitly labeled multi-part file
2011,36,2011-10-10,file-modified-year+filename+year-folder,,,local-only,,local,2011/20111010.mp3,2011/20111010.mp3,Master/2011/10/2011-10-10__S2011E036__episode.mp3,Title missing from embedded metadata,
2011,37,2011-10-17,file-modified-year+filename+year-folder,,,local-only,,local,2011/20111017.mp3,2011/20111017.mp3,Master/2011/10/2011-10-17__S2011E037__episode.mp3,Title missing from embedded metadata,
2011,38,2011-10-24,file-modified-year+filename+year-folder,,,local-only,,local,2011/20111024.mp3,2011/20111024.mp3,Master/2011/10/2011-10-24__S2011E038__episode.mp3,Title missing from embedded metadata,
2011,39,2011-10-31,file-modified-year+filename+year-folder,,,local-only,,local,2011/20111031.mp3,2011/20111031.mp3,Master/2011/10/2011-10-31__S2011E039__episode.mp3,Title missing from embedded metadata,
2011,40,2011-11-07,file-modified-year+filename+year-folder,,,local-only,,local,2011/20111107.mp3,2011/20111107.mp3,Master/2011/11/2011-11-07__S2011E040__episode.mp3,Title missing from embedded metadata,
2011,41,2011-11-21,file-modified-year+filename+year-folder,,,local-only,,local,2011/20111121.mp3,2011/20111121.mp3,Master/2011/11/2011-11-21__S2011E041__episode.mp3,Title missing from embedded metadata,
2011,42,2011-11-28,file-modified-year+filename+year-folder,,,local-only,,local,2011/20111128.mp3,2011/20111128.mp3,Master/2011/11/2011-11-28__S2011E042__episode.mp3,Title missing from embedded metadata,
2011,43,2011-12-05,file-modified-year+filename+year-folder,,,local-only,,local,2011/20111205.mp3,2011/20111205.mp3,Master/2011/12/2011-12-05__S2011E043__episode.mp3,Title missing from embedded metadata,
2011,44,2011-12-12,embedded-title+file-modified-year+filename+year-folder,,,local-only,,local,2011/20111212.mp3,2011/20111212.mp3,Master/2011/12/2011-12-12__S2011E044__episode.mp3,,
2011,45,2011-12-20,file-modified-year+filename+year-folder,,,local-only,,local,2011/20111220.mp3,2011/20111220.mp3,Master/2011/12/2011-12-20__S2011E045__episode.mp3,Title missing from embedded metadata,
2011,46,2011-12-26,embedded-title+file-modified-year+filename+year-folder,,,local-only,,local,2011/20111226.mp3,2011/20111226.mp3,Master/2011/12/2011-12-26__S2011E046__episode.mp3,,
2011,47,,unresolved,,,local-only,,local,2011/Dec 22 Show.mp4,2011/Dec 22 Show.mp4,Master/2011/00-unknown-date/2011-00-00__S2011E047__episode.mp4,Title missing from embedded metadata,Exact episode date unresolved
2012,1,2012-01-02,embedded-title+file-modified-year+filename+year-folder,,,local-only,,local,2012/20120102 (1).mp3,2012/20120102 (1).mp3,Master/2012/01/2012-01-02__S2012E001__episode.mp3,,
2012,2,2012-01-09,file-modified-year+filename+year-folder,,,local-only,,local,2012/20120109 - Jessa Anderson.mp3,2012/20120109 - Jessa Anderson.mp3,Master/2012/01/2012-01-09__S2012E002__episode.mp3,Title missing from embedded metadata,
2012,3,2012-01-16,embedded-title+file-modified-year+filename+year-folder,,,local-only,,local,2012/20120116.mp3,2012/20120116.mp3,Master/2012/01/2012-01-16__S2012E003__episode.mp3,,
2012,4,2012-01-23,file-modified-year+filename+year-folder,,,local-only,,local,2012/20120123.mp3,2012/20120123.mp3,Master/2012/01/2012-01-23__S2012E004__episode.mp3,Title missing from embedded metadata,
2012,5,2012-01-30,file-modified-year+filename+year-folder,,,local-only,,local,2012/20120130.mp3,2012/20120130.mp3,Master/2012/01/2012-01-30__S2012E005__episode.mp3,Title missing from embedded metadata,
2012,6,2012-02-13,file-modified-year+filename+year-folder,,,local-only,,local,2012/20120213.mp3,2012/20120213.mp3,Master/2012/02/2012-02-13__S2012E006__episode.mp3,Title missing from embedded metadata,
2012,7,2012-02-20,file-modified-year+filename+year-folder,,,local-only,,local,2012/20120220.mp3,2012/20120220.mp3,Master/2012/02/2012-02-20__S2012E007__episode.mp3,Title missing from embedded metadata,
2012,8,2012-02-27,file-modified-year+filename+year-folder,,,local-only,,local,2012/20120227(1).mp3,2012/20120227(1).mp3,Master/2012/02/2012-02-27__S2012E008__episode.mp3,Title missing from embedded metadata,Same-date numbered files may be parts of one episode
2012,9,2012-02-27,file-modified-year+filename+year-folder,,,local-only,,local,2012/20120227(2).mp3,2012/20120227(2).mp3,Master/2012/02/2012-02-27__S2012E009__episode.mp3,Title missing from embedded metadata,Same-date numbered files may be parts of one episode
2012,10,2012-03-05,file-modified-year+filename+year-folder,,,local-only,,local,2012/20120305 - Part 1.mp3,2012/20120305 - Part 1.mp3,Master/2012/03/2012-03-05__S2012E010__episode.mp3,Title missing from embedded metadata,File appears to be one part of a multi-part episode
2012,11,2012-03-05,file-modified-year+filename+year-folder,,,local-only,,local,2012/20120305 - Part 2.mp3,2012/20120305 - Part 2.mp3,Master/2012/03/2012-03-05__S2012E011__episode.mp3,Title missing from embedded metadata,File appears to be one part of a multi-part episode
2012,12,2012-03-12,file-modified-year+filename+year-folder,,,local-only,,local,2012/20120312 - Part 1.mp3,2012/20120312 - Part 1.mp3,Master/2012/03/2012-03-12__S2012E012__episode.mp3,Title missing from embedded metadata,File appears to be one part of a multi-part episode
2012,13,2012-03-12,file-modified-year+filename+year-folder,,,local-only,,local,2012/20120312 - Part 2.mp3,2012/20120312 - Part 2.mp3,Master/2012/03/2012-03-12__S2012E013__episode.mp3,Title missing from embedded metadata,File appears to be one part of a multi-part episode
2012,14,2012-03-19,file-modified-year+filename+year-folder,,,local-only,,local,2012/20120319.mp3,2012/20120319.mp3,Master/2012/03/2012-03-19__S2012E014__episode.mp3,Title missing from embedded metadata,
2012,15,2012-03-26,file-modified-year+filename+year-folder,,,local-only,,local,2012/03262012.mp3,2012/03262012.mp3,Master/2012/03/2012-03-26__S2012E015__episode.mp3,Title missing from embedded metadata,
2012,16,2012-04-02,file-modified-year+filename+year-folder,,,local-only,,local,2012/20120402.mp3,2012/20120402.mp3,Master/2012/04/2012-04-02__S2012E016__episode.mp3,Title missing from embedded metadata,
2012,17,2012-04-09,file-modified-year+filename+year-folder,,,local-only,,local,2012/20120409.mp3,2012/20120409.mp3,Master/2012/04/2012-04-09__S2012E017__episode.mp3,Title missing from embedded metadata,
2012,18,2012-04-29,file-modified-year+filename+year-folder,,,local-only,,local,2012/20120429.mp3,2012/20120429.mp3,Master/2012/04/2012-04-29__S2012E018__episode.mp3,Title missing from embedded metadata,
2012,19,2012-04-30,file-modified-year+filename+year-folder,,,local-only,,local,2012/20120430.mp3,2012/20120430.mp3,Master/2012/04/2012-04-30__S2012E019__episode.mp3,Title missing from embedded metadata,
2012,20,2012-05-07,file-modified-year+filename+year-folder,,,local-only,,local,2012/20120507.mp3,2012/20120507.mp3,Master/2012/05/2012-05-07__S2012E020__episode.mp3,Title missing from embedded metadata,
2012,21,2012-05-22,file-modified-year+filename+year-folder,,,local-only,,local,2012/20120522.mp3,2012/20120522.mp3,Master/2012/05/2012-05-22__S2012E021__episode.mp3,Title missing from embedded metadata,
2012,22,2012-05-28,embedded-title+file-modified-year+filename+year-folder,,,local-only,,local,2012/20120528.mp3,2012/20120528.mp3,Master/2012/05/2012-05-28__S2012E022__episode.mp3,,
2012,23,2012-06-04,file-modified-year+filename+year-folder,,,local-only,,local,2012/20120604.mp3,2012/20120604.mp3,Master/2012/06/2012-06-04__S2012E023__episode.mp3,Title missing from embedded metadata,
2012,24,2012-06-08,file-modified-year+filename+year-folder,,,local-only,,local,2012/20120608.mp3,2012/20120608.mp3,Master/2012/06/2012-06-08__S2012E024__episode.mp3,Title missing from embedded metadata,
2012,25,2012-06-11,file-modified-year+filename+year-folder,,,local-only,,local,2012/20120611.mp3,2012/20120611.mp3,Master/2012/06/2012-06-11__S2012E025__episode.mp3,Title missing from embedded metadata,
2012,26,2012-06-26,file-modified-year+filename+year-folder,,,local-only,,local,2012/20120626.mp3,2012/20120626.mp3,Master/2012/06/2012-06-26__S2012E026__episode.mp3,Title missing from embedded metadata,
2012,27,2012-07-02,file-modified-year+filename+year-folder,,,local-only,,local,2012/20120702.mp3,2012/20120702.mp3,Master/2012/07/2012-07-02__S2012E027__episode.mp3,Title missing from embedded metadata,
2012,28,2012-07-09,file-modified-year+filename+year-folder,,,local-only,,local,2012/20120709.mp3,2012/20120709.mp3,Master/2012/07/2012-07-09__S2012E028__episode.mp3,Title missing from embedded metadata,
2012,29,2012-07-16,file-modified-year+filename+year-folder,,,local-only,,local,2012/20120716.mp3,2012/20120716.mp3,Master/2012/07/2012-07-16__S2012E029__episode.mp3,Title missing from embedded metadata,
2012,30,2012-07-30,file-modified-year+filename+year-folder,,,local-only,,local,2012/20120730.mp3,2012/20120730.mp3,Master/2012/07/2012-07-30__S2012E030__episode.mp3,Title missing from embedded metadata,
2012,31,2012-08-13,file-modified-year+filename+year-folder,,,local-only,,local,2012/20120813.mp3,2012/20120813.mp3,Master/2012/08/2012-08-13__S2012E031__episode.mp3,Title missing from embedded metadata,
2012,32,2012-08-20,file-modified-year+filename+year-folder,,,local-only,,local,2012/20120820.mp3,2012/20120820.mp3,Master/2012/08/2012-08-20__S2012E032__episode.mp3,Title missing from embedded metadata,
2012,33,2012-08-27,file-modified-year+filename+year-folder,,,local-only,,local,2012/20120827.mp3,2012/20120827.mp3,Master/2012/08/2012-08-27__S2012E033__episode.mp3,Title missing from embedded metadata,
2012,34,2012-09-03,embedded-title+file-modified-year+filename+year-folder,,,local-only,,local,2012/20120903.mp3,2012/20120903.mp3,Master/2012/09/2012-09-03__S2012E034__episode.mp3,,
2012,35,2012-09-10,embedded-title+file-modified-year+filename+year-folder,,,local-only,,local,2012/20120910.mp3,2012/20120910.mp3,Master/2012/09/2012-09-10__S2012E035__episode.mp3,,
2012,36,2012-09-17,embedded-title+file-modified-year+filename+year-folder,,,local-only,,local,2012/20120917.mp3,2012/20120917.mp3,Master/2012/09/2012-09-17__S2012E036__episode.mp3,,
2012,37,2012-09-24,embedded-title+file-modified-year+filename+year-folder,,,local-only,,local,2012/20120924.mp3,2012/20120924.mp3,Master/2012/09/2012-09-24__S2012E037__episode.mp3,,
2012,38,2012-10-01,embedded-title+file-modified-year+filename+year-folder,,,local-only,,local,2012/20121001.mp3,2012/20121001.mp3,Master/2012/10/2012-10-01__S2012E038__episode.mp3,,
2012,39,2012-10-08,file-modified-year+filename+year-folder,,,local-only,,local,2012/20121008.mp3,2012/20121008.mp3,Master/2012/10/2012-10-08__S2012E039__episode.mp3,,
2012,40,2012-10-10,embedded-title+file-modified-year+year-folder,,,local-only,,local,2012/20101015.mp3,2012/20101015.mp3,Master/2012/10/2012-10-10__S2012E040__episode.mp3,,
2012,41,2012-10-22,file-modified-year+filename+year-folder,,,local-only,,local,2012/20121022.mp3,2012/20121022.mp3,Master/2012/10/2012-10-22__S2012E041__episode.mp3,,
2012,42,2012-10-29,file-modified-year+filename+year-folder,,,local-only,,local,2012/20121029P.mp3,2012/20121029P.mp3,Master/2012/10/2012-10-29__S2012E042__episode.mp3,Title missing from embedded metadata,
2012,43,2012-11-05,file-modified-year+filename+year-folder,,,local-only,,local,2012/P20121105.mp3,2012/P20121105.mp3,Master/2012/11/2012-11-05__S2012E043__episode.mp3,Title missing from embedded metadata,
2012,44,2012-11-12,file-modified-year+filename+year-folder,,"November12 , 2012",local-only,,local,2012/20121112P.mp3,2012/20121112P.mp3,Master/2012/11/2012-11-12__S2012E044__november12-2012.mp3,,
2012,45,2012-11-19,embedded-title+file-modified-year+filename+year-folder,,,local-only,,local,2012/20121119P.mp3,2012/20121119P.mp3,Master/2012/11/2012-11-19__S2012E045__episode.mp3,,
2012,46,2012-11-27,embedded-title+file-modified-year+filename+year-folder,,,local-only,,local,2012/20121127.mp3,2012/20121127.mp3,Master/2012/11/2012-11-27__S2012E046__episode.mp3,,
2012,47,2012-12-03,embedded-title+file-modified-year+filename+year-folder,,,local-only,,local,2012/20121203.mp3,2012/20121203.mp3,Master/2012/12/2012-12-03__S2012E047__episode.mp3,,
2012,48,2012-12-10,embedded-title+file-modified-year+filename+year-folder,,,local-only,,local,2012/20121210.mp3,2012/20121210.mp3,Master/2012/12/2012-12-10__S2012E048__episode.mp3,,
2012,49,2012-12-17,embedded-title+file-modified-year+filename+year-folder,,,local-only,,local,2012/20121217P.mp3,2012/20121217P.mp3,Master/2012/12/2012-12-17__S2012E049__episode.mp3,,
2013,1,2013-01-07,file-modified-year+filename+year-folder,,,local-only,,local,2013/20130107.mp3,2013/20130107.mp3,Master/2013/01/2013-01-07__S2013E001__episode.mp3,,
2013,2,2013-01-14,embedded-title+file-modified-year+filename+year-folder,,,local-only,,local,2013/20130114.mp3,2013/20130114.mp3,Master/2013/01/2013-01-14__S2013E002__episode.mp3,,
2013,3,2013-01-21,embedded-title+file-modified-year+filename+year-folder,,,local-only,,local,2013/20130121.mp3,2013/20130121.mp3,Master/2013/01/2013-01-21__S2013E003__episode.mp3,,
2013,4,2013-01-28,file-modified-year+filename+year-folder,,,local-only,,local,2013/20130128.mp3,2013/20130128.mp3,Master/2013/01/2013-01-28__S2013E004__episode.mp3,,
2013,5,2013-02-10,embedded-title+file-modified-year+filename+year-folder,,,local-only,,local,2013/20130210.mp3,2013/20130210.mp3,Master/2013/02/2013-02-10__S2013E005__episode.mp3,,
2013,6,2013-02-15,rss,3,"Tighten Up On Your Job, Homey",confirmed,ep-003-75650bdcb4,rss,https://dts.podtrac.com/redirect.mp3/livefromthepath.org/wp-content/uploads/2013/02/20130204.mp3,2013/20130204.mp3,Master/2013/02/2013-02-15__S2013E006__tighten-up-on-your-job-homey.mp3,Reported episode number differs from date-order sequence,
2013,7,2013-02-15,rss,,"February 11, 2013 Podcast",rss-only,february-11-2013-podcast-264aa5df7a,rss,https://dts.podtrac.com/redirect.mp3/livefromthepath.org/wp-content/uploads/2013/02/20130211.mp3,,Master/2013/02/2013-02-15__S2013E007__february-11-2013-podcast.mp3,,
2013,8,2013-02-19,file-modified-year+filename+year-folder,,,local-only,,local,2013/20130219.mp3,2013/20130219.mp3,Master/2013/02/2013-02-19__S2013E008__episode.mp3,Title missing from embedded metadata,
2013,9,2013-03-21,rss,,"February 25, 2013 Podcast",confirmed,february-25-2013-podcast-fbbe47e810,rss,https://dts.podtrac.com/redirect.mp3/livefromthepath.org/remastered/2013/03/20130226.mp3,2013/20130226.mp3,Master/2013/03/2013-03-21__S2013E009__february-25-2013-podcast.mp3,,
2013,10,2013-03-21,rss,,"March 11, 2013 Podcast",confirmed,march-11-2013-podcast-37d73e6f42,rss,https://dts.podtrac.com/redirect.mp3/livefromthepath.org/wp-content/uploads/2013/03/20130311.mp3,2013/20130311.mp3,Master/2013/03/2013-03-21__S2013E010__march-11-2013-podcast.mp3,,
2013,11,2013-03-21,rss,,"March 18, 2013 Podcast",confirmed,march-18-2013-podcast-0dad64cf0b,rss,https://dts.podtrac.com/redirect.mp3/livefromthepath.org/wp-content/uploads/2013/03/20130318.mp3,2013/20130318.mp3,Master/2013/03/2013-03-21__S2013E011__march-18-2013-podcast.mp3,,
2013,12,2013-03-26,rss,,"March 25, 2013 Podcast",confirmed,march-25-2013-podcast-053a7715e9,rss,https://dts.podtrac.com/redirect.mp3/livefromthepath.org/wp-content/uploads/2013/03/20130325.mp3,2013/20130325.mp3,Master/2013/03/2013-03-26__S2013E012__march-25-2013-podcast.mp3,,
2013,13,2013-04-02,rss,,,confirmed,live-from-the-path-04-01-2013-1ef433d7e9,rss,https://dts.podtrac.com/redirect.mp3/livefromthepath.org/wp-content/uploads/2013/04/20130401P.mp3,2013/20130401P.mp3,Master/2013/04/2013-04-02__S2013E013__episode.mp3,,
2013,14,2013-04-15,file-modified-year+filename+year-folder,,,local-only,,local,2013/Live From The Path - 4 15 2013 (2016_10_07 00_26_59 UTC).mp3,2013/Live From The Path - 4 15 2013 (2016_10_07 00_26_59 UTC).mp3,Master/2013/04/2013-04-15__S2013E014__episode.mp3,Title missing from embedded metadata,
2013,15,2013-04-16,rss,,"April 15, 2013 Podcast",confirmed,april-15-2013-podcast-048ac13448,local-recovery,2014/20140623 (2016_10_07 00_26_59 UTC).mp3,2014/20140623 (2016_10_07 00_26_59 UTC).mp3,Master/2013/04/2013-04-16__S2013E015__april-15-2013-podcast.mp3,,
2013,16,2013-05-03,rss,,"April 29, 2013 Podcast",confirmed,april-29-2013-podcast-c6cb7b11b5,rss,https://dts.podtrac.com/redirect.mp3/livefromthepath.org/wp-content/uploads/2013/05/20130429.mp3,2013/20130429 (2016_10_07 00_26_59 UTC).mp3,Master/2013/05/2013-05-03__S2013E016__april-29-2013-podcast.mp3,,
2013,17,2013-05-07,rss,,Special Interview – Silversyde,confirmed,special-interview-silversyde-bae3b810cb,rss,https://dts.podtrac.com/redirect.mp3/livefromthepath.org/wp-content/uploads/2013/05/20130506-Silversyde.mp3,2013/20130506 - Silversyde.mp3,Master/2013/05/2013-05-07__S2013E017__special-interview-silversyde.mp3,,
2013,18,2013-05-09,rss,,"May 6, 2013 Podcast",confirmed,may-6-2013-podcast-1987af4c5b,rss,https://dts.podtrac.com/redirect.mp3/media.livefromthepath.org/wp-content/uploads/remastered/2013/05/20130506.mp3,2013/20130506.mp3,Master/2013/05/2013-05-09__S2013E018__may-6-2013-podcast.mp3,,
2013,19,2013-05-10,file-modified-year+filename+year-folder,,,local-only,,local,2013/20130510KTIA.mp3,2013/20130510KTIA.mp3,Master/2013/05/2013-05-10__S2013E019__episode.mp3,Title missing from embedded metadata,
2013,20,2013-05-13,embedded-title+file-modified-year+filename+year-folder,,"May 13, 2013 Podcast",local-only,,local,2013/20130513 (2016_10_07 00_26_59 UTC).mp3,2013/20130513 (2016_10_07 00_26_59 UTC).mp3,Master/2013/05/2013-05-13__S2013E020__may-13-2013-podcast.mp3,,
2013,21,2013-05-17,rss,,"May 13, 2013 Podcast",rss-only,may-13-2013-podcast-04ae8babe7,rss,https://dts.podtrac.com/redirect.mp3/media.livefromthepath.org/wp-content/uploads/remastered/2013/05/20130513.mp3,,Master/2013/05/2013-05-17__S2013E021__may-13-2013-podcast.mp3,,
2013,22,2013-05-21,rss,,"May 20, 2013 Podcast",confirmed,may-20-2013-podcast-dd0b4b51e6,rss,https://dts.podtrac.com/redirect.mp3/livefromthepath.org/wp-content/uploads/2013/05/20130520.mp3,2013/20130520.mp3,Master/2013/05/2013-05-21__S2013E022__may-20-2013-podcast.mp3,,
2013,23,2013-05-28,rss,,"May 27, 2013 Podcast",confirmed,may-27-2013-podcast-97dbf763ac,rss,https://dts.podtrac.com/redirect.mp3/livefromthepath.org/wp-content/uploads/2013/05/20130527.mp3,2013/20130527.mp3,Master/2013/05/2013-05-28__S2013E023__may-27-2013-podcast.mp3,,
2013,24,2013-06-10,embedded-title+file-modified-year+filename+year-folder,,"June 10, 2013 Podcast",local-only,,local,2013/20130610 (2016_10_07 00_26_59 UTC).mp3,2013/20130610 (2016_10_07 00_26_59 UTC).mp3,Master/2013/06/2013-06-10__S2013E024__june-10-2013-podcast.mp3,,
2013,25,2013-06-13,rss,,"June 10, 2013 Podcast",rss-only,june-10-2013-podcast-71ca3f89b6,rss,https://dts.podtrac.com/redirect.mp3/media.livefromthepath.org/wp-content/uploads/remastered/2013/06/20130610.mp3,,Master/2013/06/2013-06-13__S2013E025__june-10-2013-podcast.mp3,,
2013,26,2013-06-18,rss,,"June 17, 2013 Podcast",confirmed,june-17-2013-podcast-2f71c49deb,rss,https://dts.podtrac.com/redirect.mp3/livefromthepath.org/wp-content/uploads/2013/06/20130617.mp3,2013/20130617.mp3,Master/2013/06/2013-06-18__S2013E026__june-17-2013-podcast.mp3,,
2013,27,2013-06-25,rss,,"June 24, 2013 Podcast",confirmed,june-24-2013-podcast-38e27fca51,rss,https://dts.podtrac.com/redirect.mp3/livefromthepath.org/wp-content/uploads/2013/06/20130624.mp3,2013/20130624.mp3,Master/2013/06/2013-06-25__S2013E027__june-24-2013-podcast.mp3,,
2013,28,2013-07-03,rss,,"July 1, 2013 Podcast",confirmed,july-1-2013-podcast-001fd5fd3d,rss,https://dts.podtrac.com/redirect.mp3/media.livefromthepath.org/wp-content/uploads/remastered/2013/07/20130701.mp3,2013/20130701 (2016_10_07 00_26_59 UTC).mp3,Master/2013/07/2013-07-03__S2013E028__july-1-2013-podcast.mp3,,
2013,29,2013-07-09,rss,,"July 8, 2013 Podcast",confirmed,july-8-2013-podcast-b780bca41a,rss,https://dts.podtrac.com/redirect.mp3/media.livefromthepath.org/wp-content/uploads/remastered/2013/07/20130708.mp3,2013/20130708.mp3,Master/2013/07/2013-07-09__S2013E029__july-8-2013-podcast.mp3,,
2013,30,2013-07-16,rss,,"July 15, 2013 Podcast",confirmed,july-15-2013-podcast-d653c75c3f,rss,https://dts.podtrac.com/redirect.mp3/livefromthepath.org/wp-content/uploads/2013/07/20130715.mp3,,Master/2013/07/2013-07-16__S2013E030__july-15-2013-podcast.mp3,,
2013,31,2013-07-23,rss,,"July 22, 2013 Podcast",confirmed,july-22-2013-podcast-c1d3828804,rss,https://dts.podtrac.com/redirect.mp3/livefromthepath.org/wp-content/uploads/2013/07/20130722.mp3,2013/20130722 (2016_10_07 00_26_59 UTC).mp3,Master/2013/07/2013-07-23__S2013E031__july-22-2013-podcast.mp3,,
2013,32,2013-07-30,rss,,"July 29, 2013 Podcast",confirmed,july-29-2013-podcast-6a93834a3b,rss,https://dts.podtrac.com/redirect.mp3/livefromthepath.org/wp-content/uploads/2013/07/20130729.mp3,2013/20130729.mp3,Master/2013/07/2013-07-30__S2013E032__july-29-2013-podcast.mp3,,
2013,33,2013-08-04,embedded-title+file-modified-year+filename+year-folder,,"August 4, 2013 Podcast",local-only,,local,2013/20130804 (2016_10_07 00_26_59 UTC).mp3,2013/20130804 (2016_10_07 00_26_59 UTC).mp3,Master/2013/08/2013-08-04__S2013E033__august-4-2013-podcast.mp3,,
2013,34,2013-08-08,rss,,"August 4, 2013 Podcast",rss-only,august-4-2013-podcast-4779ab910d,rss,https://dts.podtrac.com/redirect.mp3/media.livefromthepath.org/wp-content/uploads/remastered/2013/08/20130804.mp3,,Master/2013/08/2013-08-08__S2013E034__august-4-2013-podcast.mp3,,
2013,35,2013-08-14,rss,,"August 12, 2013 Podcast",confirmed,august-12-2013-podcast-cf0d4b2e71,rss,https://dts.podtrac.com/redirect.mp3/livefromthepath.org/wp-content/uploads/2013/08/20130812.mp3,2013/20130812.mp3,Master/2013/08/2013-08-14__S2013E035__august-12-2013-podcast.mp3,,
2013,36,2013-08-31,rss,,"August 26, 2013 Podcast",confirmed,august-26-2013-podcast-73b17bef86,rss,https://dts.podtrac.com/redirect.mp3/livefromthepath.org/wp-content/uploads/2013/08/20130827.mp3,2013/20130827 (2016_10_07 00_26_59 UTC).mp3,Master/2013/08/2013-08-31__S2013E036__august-26-2013-podcast.mp3,,
2013,37,2013-09-09,file-modified-year+filename+year-folder,,"April 15, 2013 Podcast",local-only,,local,2013/20130909 (2016_10_07 00_26_59 UTC).mp3,2013/20130909 (2016_10_07 00_26_59 UTC).mp3,Master/2013/09/2013-09-09__S2013E037__april-15-2013-podcast.mp3,,
2013,38,2013-09-12,rss,,"September 9, 2013 Podcast",rss-only,september-9-2013-podcast-0ccc9a8df3,rss,https://dts.podtrac.com/redirect.mp3/livefromthepath.org/wp-content/uploads/2013/09/20130909.mp3,,Master/2013/09/2013-09-12__S2013E038__september-9-2013-podcast.mp3,,
2013,39,2013-09-18,rss,,"September 16, 2013 Podcast",confirmed,september-16-2013-podcast-528660bd40,rss,https://dts.podtrac.com/redirect.mp3/livefromthepath.org/wp-content/uploads/2013/09/20130916.mp3,2013/20130916 (2016_10_07 00_26_59 UTC).mp3,Master/2013/09/2013-09-18__S2013E039__september-16-2013-podcast.mp3,,
2013,40,2013-09-23,file-modified-year+filename+year-folder,,,local-only,,local,2013/20130923 (2016_10_07 00_26_59 UTC).mp3,2013/20130923 (2016_10_07 00_26_59 UTC).mp3,Master/2013/09/2013-09-23__S2013E040__episode.mp3,Title missing from embedded metadata,
2013,41,2013-09-26,rss,,"September 23, 2013 Podcast",rss-only,september-23-2013-podcast-1d88ecff4f,rss,https://dts.podtrac.com/redirect.mp3/livefromthepath.org/wp-content/uploads/2013/09/20130923.mp3,,Master/2013/09/2013-09-26__S2013E041__september-23-2013-podcast.mp3,,
2013,42,2013-10-01,rss,,"September 30, 2013 Podcast",confirmed,september-30-2013-podcast-8c869f5c35,rss,https://dts.podtrac.com/redirect.mp3/media.livefromthepath.org/wp-content/uploads/remastered/2013/10/20130930.mp3,2013/20130930 (2016_10_07 00_26_59 UTC).mp3,Master/2013/10/2013-10-01__S2013E042__september-30-2013-podcast.mp3,,
2013,43,2013-10-08,rss,,"October 7, 2013 Podcast",confirmed,october-7-2013-podcast-fafda2301e,rss,https://dts.podtrac.com/redirect.mp3/livefromthepath.org/wp-content/uploads/2013/10/20131007.mp3,2013/20131007.mp3,Master/2013/10/2013-10-08__S2013E043__october-7-2013-podcast.mp3,,
2013,44,2013-10-15,rss,,"October 14, 2013 Podcast",confirmed,october-14-2013-podcast-27afa6ca61,rss,https://dts.podtrac.com/redirect.mp3/media.livefromthepath.org/wp-content/uploads/remastered/2013/10/20131014.mp3,2013/20131014.mp3,Master/2013/10/2013-10-15__S2013E044__october-14-2013-podcast.mp3,,
2013,45,2013-10-21,file-modified-year+filename+year-folder,,,local-only,,local,2013/20131021 (2016_10_07 00_26_59 UTC).mp3,2013/20131021 (2016_10_07 00_26_59 UTC).mp3,Master/2013/10/2013-10-21__S2013E045__episode.mp3,Title missing from embedded metadata,
2013,46,2013-10-21,embedded-title+file-modified-year+filename+year-folder,,"October 21, 2013 Podcast",local-only,,local,2013/20131021P (2016_10_07 00_26_59 UTC).mp3,2013/20131021P (2016_10_07 00_26_59 UTC).mp3,Master/2013/10/2013-10-21__S2013E046__october-21-2013-podcast.mp3,,
2013,47,2013-10-26,rss,,"October 21, 2013 Podcast",rss-only,october-21-2013-podcast-b91eca7d84,rss,https://dts.podtrac.com/redirect.mp3/media.livefromthepath.org/wp-content/uploads/remastered/2013/10/20131021P.mp3,,Master/2013/10/2013-10-26__S2013E047__october-21-2013-podcast.mp3,,
2013,48,2013-10-29,rss,,"October 28, 2013 Podcast",confirmed,october-28-2013-podcast-08a0459303,rss,https://dts.podtrac.com/redirect.mp3/livefromthepath.org/wp-content/uploads/2013/10/20131028.mp3,2013/20131028.mp3,Master/2013/10/2013-10-29__S2013E048__october-28-2013-podcast.mp3,,
2013,49,2013-11-05,rss,,"November 4, 2013 Podcast",confirmed,november-4-2013-podcast-7d1fb788c0,rss,https://dts.podtrac.com/redirect.mp3/livefromthepath.org/wp-content/uploads/2013/11/20131104.mp3,2013/20131104.mp3,Master/2013/11/2013-11-05__S2013E049__november-4-2013-podcast.mp3,,
2013,50,2013-11-12,rss,,"November 11, 2013 Podcast",confirmed,november-11-2013-podcast-020c764497,rss,https://dts.podtrac.com/redirect.mp3/livefromthepath.org/wp-content/uploads/2013/11/20131111.mp3,2013/20131111.mp3,Master/2013/11/2013-11-12__S2013E050__november-11-2013-podcast.mp3,,
2013,51,2013-11-26,rss,,"November 25, 2013 Podcast",confirmed,november-25-2013-podcast-6f841e5e3d,rss,https://dts.podtrac.com/redirect.mp3/livefromthepath.org/wp-content/uploads/2013/11/20131125.mp3,2013/20131125.mp3,Master/2013/11/2013-11-26__S2013E051__november-25-2013-podcast.mp3,,
2013,52,2013-12-06,rss,,"December 02, 2013 Podcast",confirmed,december-02-2013-podcast-4ce36a71e4,rss,https://dts.podtrac.com/redirect.mp3/livefromthepath.org/wp-content/uploads/2013/12/20131202.mp3,2013/20131202.mp3,Master/2013/12/2013-12-06__S2013E052__december-02-2013-podcast.mp3,,
2013,53,2013-12-20,rss,,"December 16, 2013 Podcast",confirmed,december-16-2013-podcast-f228fbd46e,rss,https://dts.podtrac.com/redirect.mp3/livefromthepath.org/wp-content/uploads/2013/12/201312163.mp3,2013/20131216 (2016_10_07 00_26_59 UTC).mp3,Master/2013/12/2013-12-20__S2013E053__december-16-2013-podcast.mp3,,
2013,54,2013-12-24,rss,,"December 23, 2013 Podcast",confirmed,december-23-2013-podcast-624ea205ac,rss,https://dts.podtrac.com/redirect.mp3/livefromthepath.org/wp-content/uploads/2013/12/20131223.mp3,2013/20131223.mp3,Master/2013/12/2013-12-24__S2013E054__december-23-2013-podcast.mp3,,
2013,55,2013-12-31,rss,,"December 30, 2013 Podcast",confirmed,december-30-2013-podcast-41faee121b,rss,https://dts.podtrac.com/redirect.mp3/livefromthepath.org/wp-content/uploads/2013/12/20131230.mp3,2013/20131230.mp3,Master/2013/12/2013-12-31__S2013E055__december-30-2013-podcast.mp3,,
2013,56,,unresolved,,,confirmed,,local,2013/PodcastDivert.mp3,2013/PodcastDivert.mp3,Master/2013/00-unknown-date/2013-00-00__S2013E056__episode.mp3,Title missing from embedded metadata,Exact episode date unresolved
2014,1,2014-01-07,rss,,"January 6, 2014 Podcast",confirmed,january-6-2014-podcast-0d27c1d40f,rss,https://dts.podtrac.com/redirect.mp3/livefromthepath.org/wp-content/uploads/2014/01/20140106.mp3,2014/20140106 (2016_10_07 00_26_59 UTC).mp3,Master/2014/01/2014-01-07__S2014E001__january-6-2014-podcast.mp3,,
2014,2,2014-01-21,rss,,"January 20, 2014 Podcast",confirmed,january-20-2014-podcast-7ef1d9173b,rss,https://dts.podtrac.com/redirect.mp3/livefromthepath.org/wp-content/uploads/2014/01/20140120.mp3,2014/20140120.mp3,Master/2014/01/2014-01-21__S2014E002__january-20-2014-podcast.mp3,,
2014,3,2014-01-28,rss,,"January 27, 2014 Podcast",confirmed,january-27-2014-podcast-ff70650899,rss,https://dts.podtrac.com/redirect.mp3/livefromthepath.org/wp-content/uploads/2014/01/20140127.mp3,2014/20140127.mp3,Master/2014/01/2014-01-28__S2014E003__january-27-2014-podcast.mp3,,
2014,4,2014-02-03,file-modified-year+filename+year-folder,,,local-only,,local,2014/20140203 (2016_10_07 00_26_59 UTC).mp3,2014/20140203 (2016_10_07 00_26_59 UTC).mp3,Master/2014/02/2014-02-03__S2014E004__episode.mp3,,
2014,5,2014-02-06,rss,,"February 3, 2014 Podcast",rss-only,february-3-2014-podcast-efdb05465d,rss,https://dts.podtrac.com/redirect.mp3/livefromthepath.org/wp-content/uploads/2014/02/20140203.mp3,,Master/2014/02/2014-02-06__S2014E005__february-3-2014-podcast.mp3,,
2014,6,2014-02-16,rss,,"February 10, 2014 Podcast",confirmed,february-10-2014-podcast-8183b25a26,rss,https://dts.podtrac.com/redirect.mp3/livefromthepath.org/wp-content/uploads/2014/02/20140210.mp3,2014/20140210.mp3,Master/2014/02/2014-02-16__S2014E006__february-10-2014-podcast.mp3,,
2014,7,2014-02-23,rss,,"February 17, 2014 Podcast",confirmed,february-17-2014-podcast-3ef35a9375,rss,https://dts.podtrac.com/redirect.mp3/livefromthepath.org/wp-content/uploads/2014/02/20140217.mp3,2014/20140217.mp3,Master/2014/02/2014-02-23__S2014E007__february-17-2014-podcast.mp3,,
2014,8,2014-02-25,rss,,"February 24, 2014 Podcast",confirmed,february-24-2014-podcast-d564d1691b,rss,https://dts.podtrac.com/redirect.mp3/livefromthepath.org/wp-content/uploads/2014/02/20140224.mp3,2014/20140224.mp3,Master/2014/02/2014-02-25__S2014E008__february-24-2014-podcast.mp3,,
2014,9,2014-03-04,rss,,"March 03, 2014 Podcast",confirmed,march-03-2014-podcast-d139bd64df,rss,https://dts.podtrac.com/redirect.mp3/livefromthepath.org/wp-content/uploads/2014/03/20140303.mp3,2014/20140303.mp3,Master/2014/03/2014-03-04__S2014E009__march-03-2014-podcast.mp3,,
2014,10,2014-03-18,rss,,"March 17, 2014 Podcast",confirmed,march-17-2014-podcast-a6afd91202,rss,https://dts.podtrac.com/redirect.mp3/livefromthepath.org/wp-content/uploads/2014/03/20140317.mp3,2014/20140317.mp3,Master/2014/03/2014-03-18__S2014E010__march-17-2014-podcast.mp3,,
2014,11,2014-03-25,rss,,"March 24, 2014 Podcast",confirmed,march-24-2014-podcast-53b14efc24,rss,https://dts.podtrac.com/redirect.mp3/livefromthepath.org/wp-content/uploads/2014/03/20140324.mp3,2014/20140324.mp3,Master/2014/03/2014-03-25__S2014E011__march-24-2014-podcast.mp3,,
2014,12,2014-04-01,rss,,"March 31, 2014 Podcast",confirmed,march-31-2014-podcast-ba69b29dc8,rss,https://dts.podtrac.com/redirect.mp3/livefromthepath.org/wp-content/uploads/2014/03/20140331.mp3,2014/20140331.mp3,Master/2014/04/2014-04-01__S2014E012__march-31-2014-podcast.mp3,,
2014,13,2014-04-08,rss,,"April 7, 2014 Podcast",confirmed,april-7-2014-podcast-08a3b9b2cd,rss,https://dts.podtrac.com/redirect.mp3/livefromthepath.org/wp-content/uploads/2014/04/20140407.mp3,2014/20140407.mp3,Master/2014/04/2014-04-08__S2014E013__april-7-2014-podcast.mp3,,
2014,14,2014-04-15,rss,,"April 14, 2014 Podcast",confirmed,april-14-2014-podcast-54123acf24,rss,https://dts.podtrac.com/redirect.mp3/livefromthepath.org/wp-content/uploads/2014/04/20140414.mp3,2014/20140414.mp3,Master/2014/04/2014-04-15__S2014E014__april-14-2014-podcast.mp3,,
2014,15,2014-04-21,embedded-title+file-modified-year+filename+year-folder,,,local-only,,local,2014/20140421 (2016_10_07 00_26_59 UTC).mp3,2014/20140421 (2016_10_07 00_26_59 UTC).mp3,Master/2014/04/2014-04-21__S2014E015__episode.mp3,,
2014,16,2014-04-25,rss,,"April 21, 2014 Podcast",confirmed,april-21-2014-podcast-991262fcf7,rss,https://dts.podtrac.com/redirect.mp3/livefromthepath.org/wp-content/uploads/2014/04/20140421.mp3,2014/20140421.mp3,Master/2014/04/2014-04-25__S2014E016__april-21-2014-podcast.mp3,,
2014,17,2014-04-29,rss,,"April 28, 2014 Podcast",confirmed,april-28-2014-podcast-066e29b90a,rss,https://dts.podtrac.com/redirect.mp3/livefromthepath.org/wp-content/uploads/2014/04/20140428.mp3,2014/20140428.mp3,Master/2014/04/2014-04-29__S2014E017__april-28-2014-podcast.mp3,,
2014,18,2014-05-06,rss,,"May 5, 2014 Podcast",confirmed,may-5-2014-podcast-d1cb26ec0c,rss,https://dts.podtrac.com/redirect.mp3/livefromthepath.org/wp-content/uploads/2014/05/20140505.mp3,2014/20140505.mp3,Master/2014/05/2014-05-06__S2014E018__may-5-2014-podcast.mp3,,
2014,19,2014-05-13,rss,,"May 12, 2014 Podcast",rss-only,may-12-2014-podcast-dce8f5b84d,rss,https://dts.podtrac.com/redirect.mp3/livefromthepath.org/wp-content/uploads/2014/05/20140512.mp3,,Master/2014/05/2014-05-13__S2014E019__may-12-2014-podcast.mp3,,
2014,20,2014-05-23,rss,,"May 19, 2014 Podcast",confirmed,may-19-2014-podcast-cc21a1b881,rss,https://dts.podtrac.com/redirect.mp3/livefromthepath.org/wp-content/uploads/2014/05/20140519.mp3,2014/20140519 (2016_10_07 00_26_59 UTC).mp3,Master/2014/05/2014-05-23__S2014E020__may-19-2014-podcast.mp3,,
2014,21,2014-05-27,rss,,"May 26, 2014 Podcast",confirmed,may-26-2014-podcast-cdf19b2648,rss,https://dts.podtrac.com/redirect.mp3/livefromthepath.org/wp-content/uploads/2014/05/20140526.mp3,2014/20140526.mp3,Master/2014/05/2014-05-27__S2014E021__may-26-2014-podcast.mp3,,
2014,22,2014-06-03,rss,,"June 2, 2014 Podcast w/ Jon Acuff",confirmed,june-2-2014-podcast-w-jon-acuff-1ba9413c8b,rss,https://dts.podtrac.com/redirect.mp3/livefromthepath.org/wp-content/uploads/2014/06/20140602.mp3,2014/20140602.mp3,Master/2014/06/2014-06-03__S2014E022__june-2-2014-podcast-w-jon-acuff.mp3,,
2014,23,2014-06-10,rss,,"June 9, 2014 Podcast",confirmed,june-9-2014-podcast-23df1780ec,rss,https://dts.podtrac.com/redirect.mp3/livefromthepath.org/wp-content/uploads/2014/06/20140609.mp3,2014/20140609.mp3,Master/2014/06/2014-06-10__S2014E023__june-9-2014-podcast.mp3,,
2014,24,2014-06-17,rss,,"June 16, 2014 Podcast",confirmed,june-16-2014-podcast-00b9898349,rss,https://dts.podtrac.com/redirect.mp3/livefromthepath.org/wp-content/uploads/2014/06/20140616.mp3,2014/20140616.mp3,Master/2014/06/2014-06-17__S2014E024__june-16-2014-podcast.mp3,,
2014,25,2014-06-27,rss,,"June 23, 2014 Podcast",rss-only,june-23-2014-podcast-152e40fce5,rss,https://dts.podtrac.com/redirect.mp3/livefromthepath.org/wp-content/uploads/2014/06/20140623.mp3,,Master/2014/06/2014-06-27__S2014E025__june-23-2014-podcast.mp3,,
2014,26,2014-07-01,rss,,"June 30, 2014 Podcast",confirmed,june-30-2014-podcast-30588e0cb8,rss,https://dts.podtrac.com/redirect.mp3/livefromthepath.org/wp-content/uploads/2014/07/20140630.mp3,2014/20140630.mp3,Master/2014/07/2014-07-01__S2014E026__june-30-2014-podcast.mp3,,
2014,27,2014-07-08,rss,,"July 7, 2014 Podcast",confirmed,july-7-2014-podcast-56bbbd54a4,rss,https://dts.podtrac.com/redirect.mp3/livefromthepath.org/wp-content/uploads/2014/07/20140707.mp3,2014/20140707.mp3,Master/2014/07/2014-07-08__S2014E027__july-7-2014-podcast.mp3,,
2014,28,2014-07-20,file-modified-year+filename+year-folder,,,local-only,,local,2014/20140720 (2016_10_07 00_26_59 UTC).mp3,2014/20140720 (2016_10_07 00_26_59 UTC).mp3,Master/2014/07/2014-07-20__S2014E028__episode.mp3,Title missing from embedded metadata,
2014,29,2014-07-21,rss,,"July 14, 2014 Podcast",rss-only,july-14-2014-podcast-14585f5ede,rss,https://dts.podtrac.com/redirect.mp3/livefromthepath.org/wp-content/uploads/2014/07/20140720.mp3,,Master/2014/07/2014-07-21__S2014E029__july-14-2014-podcast.mp3,,
2014,30,2014-07-22,rss,,"July 21, 2014 Podcast",confirmed,july-21-2014-podcast-b08a7dfc28,rss,https://dts.podtrac.com/redirect.mp3/livefromthepath.org/wp-content/uploads/2014/07/20140721.mp3,,Master/2014/07/2014-07-22__S2014E030__july-21-2014-podcast.mp3,,
2014,31,2014-08-04,file-modified-year+filename+year-folder,,,local-only,,local,2014/20140804 (2016_10_07 00_26_59 UTC) (1).mp3,2014/20140804 (2016_10_07 00_26_59 UTC) (1).mp3,Master/2014/08/2014-08-04__S2014E031__episode.mp3,Title missing from embedded metadata,
2014,32,2014-08-04,embedded-title+file-modified-year+filename+year-folder,,"August 4, 2014 Podcast",local-only,,local,2014/20140804Podcast (2016_10_07 00_26_59 UTC).mp3,2014/20140804Podcast (2016_10_07 00_26_59 UTC).mp3,Master/2014/08/2014-08-04__S2014E032__august-4-2014-podcast.mp3,,
2014,33,2014-08-08,rss,,Silversyde,rss-only,silversyde-8cf4b73e01,rss,https://dts.podtrac.com/redirect.mp3/livefromthepath.org/wp-content/uploads/2014/08/20140804Podcast.mp3,,Master/2014/08/2014-08-08__S2014E033__silversyde.mp3,,
2014,34,2014-08-26,rss,,"August 11, 2014 Podcast",confirmed,august-11-2014-podcast-f0f6dfdf66,rss,https://dts.podtrac.com/redirect.mp3/livefromthepath.org/wp-content/uploads/2014/08/20140811.mp3,2014/20140811.mp3,Master/2014/08/2014-08-26__S2014E034__august-11-2014-podcast.mp3,,
2014,35,2014-08-26,rss,,"August 18, 2014 Podcast",confirmed,august-18-2014-podcast-04449c3c97,rss,https://dts.podtrac.com/redirect.mp3/livefromthepath.org/wp-content/uploads/2014/08/20140818.mp3,2014/20140818.mp3,Master/2014/08/2014-08-26__S2014E035__august-18-2014-podcast.mp3,,
2014,36,2014-08-26,rss,,"August 25, 2014 Podcast",confirmed,august-25-2014-podcast-f5787b2469,rss,https://dts.podtrac.com/redirect.mp3/livefromthepath.org/wp-content/uploads/2014/08/20140825.mp3,2014/20140825.mp3,Master/2014/08/2014-08-26__S2014E036__august-25-2014-podcast.mp3,,
2014,37,2014-09-17,rss,,"September 15, 2014 Podcast",confirmed,september-15-2014-podcast-1c278d685b,rss,https://dts.podtrac.com/redirect.mp3/livefromthepath.org/wp-content/uploads/2014/09/20140916.mp3,2014/20140916.mp3,Master/2014/09/2014-09-17__S2014E037__september-15-2014-podcast.mp3,,
2014,38,2014-09-30,rss,,"September 29, 2014 Podcast",rss-only,september-29-2014-podcast-fbe5f44e02,rss,https://dts.podtrac.com/redirect.mp3/livefromthepath.org/wp-content/uploads/2014/09/20140929.mp3,,Master/2014/09/2014-09-30__S2014E038__september-29-2014-podcast.mp3,,
2014,39,2014-10-14,rss,,"October 13, 2014 Podcast",confirmed,october-13-2014-podcast-6759322f14,rss,https://dts.podtrac.com/redirect.mp3/livefromthepath.org/wp-content/uploads/2014/10/20141013.mp3,2014/20141013.mp3,Master/2014/10/2014-10-14__S2014E039__october-13-2014-podcast.mp3,,
2014,40,2014-10-22,rss,,"October 20, 2014 Podcast",rss-only,october-20-2014-podcast-793787d574,rss,https://dts.podtrac.com/redirect.mp3/livefromthepath.org/wp-content/uploads/2014/10/20141020mp3.mp3,,Master/2014/10/2014-10-22__S2014E040__october-20-2014-podcast.mp3,,
2014,41,2014-10-29,rss,,"October 27, 2014 Podcast",rss-only,october-27-2014-podcast-715ba92856,rss,https://dts.podtrac.com/redirect.mp3/livefromthepath.org/wp-content/uploads/2014/10/20141027.mp3,,Master/2014/10/2014-10-29__S2014E041__october-27-2014-podcast.mp3,,
2014,42,2014-11-10,rss,,"November 3, 2014 Podcast",rss-only,november-3-2014-podcast-9ec686cb69,rss,https://dts.podtrac.com/redirect.mp3/livefromthepath.org/wp-content/uploads/2014/11/20141103.mp3,,Master/2014/11/2014-11-10__S2014E042__november-3-2014-podcast.mp3,,
2014,43,2014-11-17,rss,,"November 10, 2014 Podcast",confirmed,november-10-2014-podcast-2d1d4283bb,rss,https://dts.podtrac.com/redirect.mp3/livefromthepath.org/wp-content/uploads/2014/11/20141110.mp3,2014/20141110 (2016_10_07 00_26_59 UTC).mp3,Master/2014/11/2014-11-17__S2014E043__november-10-2014-podcast.mp3,,
2014,44,2014-11-21,rss,,"November 17, 2014 Podcast",confirmed,november-17-2014-podcast-db82bbce40,rss,https://dts.podtrac.com/redirect.mp3/livefromthepath.org/wp-content/uploads/2014/11/20141117.mp3,2014/20141117 (2016_10_07 00_26_59 UTC).mp3,Master/2014/11/2014-11-21__S2014E044__november-17-2014-podcast.mp3,,
2014,45,2014-11-24,embedded-title+file-modified-year+filename+year-folder,,,local-only,,local,2014/20141124 (2016_10_07 00_26_59 UTC).mp3,2014/20141124 (2016_10_07 00_26_59 UTC).mp3,Master/2014/11/2014-11-24__S2014E045__episode.mp3,,
2014,46,2014-12-01,embedded-title+file-modified-year+filename+year-folder,,,local-only,,local,2014/20141201 (2016_10_07 00_26_59 UTC).mp3,2014/20141201 (2016_10_07 00_26_59 UTC).mp3,Master/2014/12/2014-12-01__S2014E046__episode.mp3,,
2014,47,2014-12-01,rss,,"November 24, 2014 Podcast",rss-only,november-24-2014-podcast-ad81f83b87,rss,https://dts.podtrac.com/redirect.mp3/livefromthepath.org/wp-content/uploads/2014/12/20141124.mp3,,Master/2014/12/2014-12-01__S2014E047__november-24-2014-podcast.mp3,,
2014,48,2014-12-04,rss,,"December 1, 2014 Podcast",rss-only,december-1-2014-podcast-ed00fa7949,rss,https://dts.podtrac.com/redirect.mp3/livefromthepath.org/wp-content/uploads/2014/12/20141201.mp3,,Master/2014/12/2014-12-04__S2014E048__december-1-2014-podcast.mp3,,
2014,49,2014-12-10,rss,,"December 8, 2014 Podcast",confirmed,december-8-2014-podcast-30478eb862,rss,https://dts.podtrac.com/redirect.mp3/livefromthepath.org/wp-content/uploads/2014/12/20141208.mp3,2014/20141208 (2016_10_07 00_26_59 UTC).mp3,Master/2014/12/2014-12-10__S2014E049__december-8-2014-podcast.mp3,,
2014,50,2014-12-15,file-modified-year+filename+year-folder,,,local-only,,local,2014/20141215 (2016_10_07 00_26_59 UTC).mp3,2014/20141215 (2016_10_07 00_26_59 UTC).mp3,Master/2014/12/2014-12-15__S2014E050__episode.mp3,Title missing from embedded metadata,
2014,51,2014-12-18,rss,,"December 15, 2014 Podcast",rss-only,december-15-2014-podcast-6e2098dac9,rss,https://dts.podtrac.com/redirect.mp3/livefromthepath.org/wp-content/uploads/2014/12/20141215Podcast.mp3,,Master/2014/12/2014-12-18__S2014E051__december-15-2014-podcast.mp3,,
2014,52,2014-12-23,rss,,"December 22, 2014 Podcast",confirmed,december-22-2014-podcast-e564a2d215,rss,https://dts.podtrac.com/redirect.mp3/livefromthepath.org/wp-content/uploads/2014/12/20141221.mp3,2014/20141221.mp3,Master/2014/12/2014-12-23__S2014E052__december-22-2014-podcast.mp3,,
2014,53,2014-12-30,rss,30,"December 29, 2014 Podcast",confirmed,ep-030-3a2fd31427,rss,https://dts.podtrac.com/redirect.mp3/livefromthepath.org/wp-content/uploads/2014/12/20141229.mp3,2014/20141229.mp3,Master/2014/12/2014-12-30__S2014E053__december-29-2014-podcast.mp3,Reported episode number differs from date-order sequence,
2015,1,2015-01-12,file-modified-year+filename+year-folder,,,local-only,,local,2015/20150112 (2016_10_07 00_26_59 UTC).mp3,2015/20150112 (2016_10_07 00_26_59 UTC).mp3,Master/2015/01/2015-01-12__S2015E001__episode.mp3,Title missing from embedded metadata,
2015,2,2015-01-15,file-modified-year+filename+year-folder,,,local-only,,local,2015/20150115 (2016_10_07 00_26_59 UTC).mp3,2015/20150115 (2016_10_07 00_26_59 UTC).mp3,Master/2015/01/2015-01-15__S2015E002__episode.mp3,,
2015,3,2015-01-19,rss,,"January 12, 2015 Podcast",rss-only,january-12-2015-podcast-4376d82a3e,rss,https://dts.podtrac.com/redirect.mp3/livefromthepath.org/wp-content/uploads/2015/01/20150112.mp3,,Master/2015/01/2015-01-19__S2015E003__january-12-2015-podcast.mp3,,
2015,4,2015-01-20,rss,,"January 19, 2015 Podcast",confirmed,january-19-2015-podcast-96a7576e1b,rss,https://dts.podtrac.com/redirect.mp3/livefromthepath.org/wp-content/uploads/2015/01/20150119.mp3,,Master/2015/01/2015-01-20__S2015E004__january-19-2015-podcast.mp3,,
2015,5,2015-02-03,rss,,"February 2, 2015 Podcast",confirmed,february-2-2015-podcast-7909d25843,rss,https://dts.podtrac.com/redirect.mp3/livefromthepath.org/wp-content/uploads/2015/02/20150202.mp3,2015/20150202.mp3,Master/2015/02/2015-02-03__S2015E005__february-2-2015-podcast.mp3,,
2015,6,2015-02-13,rss,,"February 9, 2015 Podcast",confirmed,february-9-2015-podcast-b220c514d2,rss,https://dts.podtrac.com/redirect.mp3/livefromthepath.org/wp-content/uploads/2015/02/20150209.mp3,2015/20150209.mp3,Master/2015/02/2015-02-13__S2015E006__february-9-2015-podcast.mp3,,
2015,7,2015-02-16,embedded-title+file-modified-year+filename+year-folder,,,local-only,,local,2015/20150216 (2016_10_07 00_26_59 UTC).mp3,2015/20150216 (2016_10_07 00_26_59 UTC).mp3,Master/2015/02/2015-02-16__S2015E007__episode.mp3,,
2015,8,2015-02-16,file-modified-year+filename+year-folder,,,local-only,,local,2015/20150216(2) (2016_10_07 00_26_59 UTC) (1).mp3,2015/20150216(2) (2016_10_07 00_26_59 UTC) (1).mp3,Master/2015/02/2015-02-16__S2015E008__episode.mp3,Title missing from embedded metadata,
2015,9,2015-02-19,rss,,"February 16, 2015 Podcast",rss-only,february-16-2015-podcast-544e4b5f6e,rss,https://dts.podtrac.com/redirect.mp3/livefromthepath.org/wp-content/uploads/2015/02/20150216.mp3,,Master/2015/02/2015-02-19__S2015E009__february-16-2015-podcast.mp3,,
2015,10,2015-02-23,embedded-title+file-modified-year+filename+year-folder,,,local-only,,local,2015/20150223 (2016_10_07 00_26_59 UTC).mp3,2015/20150223 (2016_10_07 00_26_59 UTC).mp3,Master/2015/02/2015-02-23__S2015E010__episode.mp3,,
2015,11,2015-03-02,embedded-title+file-modified-year+year-folder,,,local-only,,local,2015/20140302 (2016_10_07 00_26_59 UTC).mp3,2015/20140302 (2016_10_07 00_26_59 UTC).mp3,Master/2015/03/2015-03-02__S2015E011__episode.mp3,,
2015,12,2015-03-02,file-modified-year+filename+year-folder,,,local-only,,local,2015/20150302 (2016_10_07 00_26_59 UTC).mp3,2015/20150302 (2016_10_07 00_26_59 UTC).mp3,Master/2015/03/2015-03-02__S2015E012__episode.mp3,Title missing from embedded metadata,
2015,13,2015-03-05,rss,,"February 23, 2015 Podcast",rss-only,february-23-2015-podcast-bdf1be2ec2,rss,https://dts.podtrac.com/redirect.mp3/livefromthepath.org/wp-content/uploads/2015/03/20150223.mp3,,Master/2015/03/2015-03-05__S2015E013__february-23-2015-podcast.mp3,,
2015,14,2015-03-05,rss,,"March 2, 2015 Podcast",rss-only,march-2-2015-podcast-e3675547bd,rss,https://dts.podtrac.com/redirect.mp3/livefromthepath.org/wp-content/uploads/2015/03/20140302.mp3,,Master/2015/03/2015-03-05__S2015E014__march-2-2015-podcast.mp3,,
2015,15,2015-03-09,embedded-title+file-modified-year+filename+year-folder,,,local-only,,local,2015/20150309.mp3,2015/20150309.mp3,Master/2015/03/2015-03-09__S2015E015__episode.mp3,,
2015,16,2015-03-10,rss,,"March 9, 2015 Podcast",confirmed,march-9-2015-podcast-6f59b77b95,rss,https://dts.podtrac.com/redirect.mp3/livefromthepath.org/wp-content/uploads/2015/03/201503091.mp3,2015/20150309 (2016_10_07 00_26_59 UTC).mp3,Master/2015/03/2015-03-10__S2015E016__march-9-2015-podcast.mp3,,
2015,17,2015-03-16,embedded-title+file-modified-year+filename+year-folder,,,local-only,,local,2015/20150316 (2016_10_07 00_26_59 UTC).mp3,2015/20150316 (2016_10_07 00_26_59 UTC).mp3,Master/2015/03/2015-03-16__S2015E017__episode.mp3,,
2015,18,2015-03-16,embedded-title+file-modified-year+year-folder,,,local-only,,local,2015/Live From The Path - 3162015 (2016_10_07 00_26_59 UTC).mp3,2015/Live From The Path - 3162015 (2016_10_07 00_26_59 UTC).mp3,Master/2015/03/2015-03-16__S2015E018__episode.mp3,,
2015,19,2015-03-19,rss,,"March 16, 2015 Podcast",rss-only,march-16-2015-podcast-e09b528f00,rss,https://dts.podtrac.com/redirect.mp3/livefromthepath.org/wp-content/uploads/2015/03/20150316.mp3,,Master/2015/03/2015-03-19__S2015E019__march-16-2015-podcast.mp3,,
2015,20,2015-03-23,file-modified-year+filename+year-folder,,,local-only,,local,2015/20150323 (2016_10_07 00_26_59 UTC) (1).mp3,2015/20150323 (2016_10_07 00_26_59 UTC) (1).mp3,Master/2015/03/2015-03-23__S2015E020__episode.mp3,Title missing from embedded metadata,
2015,21,2015-03-23,file-modified-year+filename+year-folder,,,local-only,,local,2015/20150323 (2016_10_07 00_26_59 UTC).mp3,2015/20150323 (2016_10_07 00_26_59 UTC).mp3,Master/2015/03/2015-03-23__S2015E021__episode.mp3,Title missing from embedded metadata,
2015,22,2015-03-27,rss,,"March 23, 2015 Podcast",rss-only,march-23-2015-podcast-39783c0dd7,rss,https://dts.podtrac.com/redirect.mp3/livefromthepath.org/wp-content/uploads/2015/03/20150323.mp3,,Master/2015/03/2015-03-27__S2015E022__march-23-2015-podcast.mp3,,
2015,23,2015-03-30,embedded-title+file-modified-year+filename+year-folder,,,local-only,,local,2015/Live From The Path - 03-30-2015 (2016_10_07 00_26_59 UTC).mp3,2015/Live From The Path - 03-30-2015 (2016_10_07 00_26_59 UTC).mp3,Master/2015/03/2015-03-30__S2015E023__episode.mp3,,
2015,24,2015-03-31,rss,,"March 30, 2015 Podcast",confirmed,march-30-2015-podcast-b3473d01e7,rss,https://dts.podtrac.com/redirect.mp3/livefromthepath.org/wp-content/uploads/2015/03/20150330.mp3,2015/20150330.mp3,Master/2015/03/2015-03-31__S2015E024__march-30-2015-podcast.mp3,,
2015,25,2015-04-06,embedded-title+file-modified-year,,,local-only,,local,2016/Live From The Path - 462015 (2016_10_07 00_26_59 UTC).mp3,2016/Live From The Path - 462015 (2016_10_07 00_26_59 UTC).mp3,Master/2015/04/2015-04-06__S2015E025__episode.mp3,,
2015,26,2015-04-07,rss,,"April 6, 2015 Podcast",confirmed,april-6-2015-podcast-efd6e7fd27,rss,https://dts.podtrac.com/redirect.mp3/livefromthepath.org/wp-content/uploads/2015/04/20150406.mp3,,Master/2015/04/2015-04-07__S2015E026__april-6-2015-podcast.mp3,,
2015,27,2015-04-21,rss,,"April 20, 2015 Podcast",confirmed,april-20-2015-podcast-ae94751790,rss,https://dts.podtrac.com/redirect.mp3/livefromthepath.org/wp-content/uploads/2015/04/20150420.mp3,2015/20150420.mp3,Master/2015/04/2015-04-21__S2015E027__april-20-2015-podcast.mp3,,
2015,28,2015-04-27,embedded-title+file-modified-year+filename+year-folder,,,local-only,,local,"2015/Live From The Path - April 27, 2015 (2016_10_07 00_26_59 UTC).mp3","2015/Live From The Path - April 27, 2015 (2016_10_07 00_26_59 UTC).mp3",Master/2015/04/2015-04-27__S2015E028__episode.mp3,,
2015,29,2015-04-29,rss,,"April 27, 2015 Podcast",rss-only,april-27-2015-podcast-4a12fb63ce,rss,https://dts.podtrac.com/redirect.mp3/livefromthepath.org/wp-content/uploads/2015/04/Live-From-The-Path-April-27-2015.mp3,,Master/2015/04/2015-04-29__S2015E029__april-27-2015-podcast.mp3,,
2015,30,2015-05-05,rss,,"May 4, 2015 Podcast",confirmed,may-4-2015-podcast-a9526c79f6,rss,https://dts.podtrac.com/redirect.mp3/livefromthepath.org/wp-content/uploads/2015/05/20150504.mp3,2015/20150504.mp3,Master/2015/05/2015-05-05__S2015E030__may-4-2015-podcast.mp3,,
2015,31,2015-05-11,embedded-title+file-modified-year+filename+year-folder,,,local-only,,local,2015/Live From The Path - 5-11-2015 (2016_10_07 00_26_59 UTC).mp3,2015/Live From The Path - 5-11-2015 (2016_10_07 00_26_59 UTC).mp3,Master/2015/05/2015-05-11__S2015E031__episode.mp3,,
2015,32,2015-05-13,rss,,"May 11, 2015 Podcast",confirmed,may-11-2015-podcast-73cf64f057,rss,https://dts.podtrac.com/redirect.mp3/livefromthepath.org/wp-content/uploads/2015/05/20150511.mp3,2015/20150511.mp3,Master/2015/05/2015-05-13__S2015E032__may-11-2015-podcast.mp3,,
2015,33,2015-05-18,file-modified-year+filename+year-folder,,,local-only,,local,2015/20150518TIA (2016_10_07 00_26_59 UTC).mp3,2015/20150518TIA (2016_10_07 00_26_59 UTC).mp3,Master/2015/05/2015-05-18__S2015E033__episode.mp3,Title missing from embedded metadata,
2015,34,2015-05-18,file-modified-year+filename+year-folder,,,local-only,,local,2015/20150518 (2016_10_07 00_26_59 UTC).mp3,2015/20150518 (2016_10_07 00_26_59 UTC).mp3,Master/2015/05/2015-05-18__S2015E034__episode.mp3,Title missing from embedded metadata,
2015,35,2015-05-18,embedded-title+file-modified-year+filename+year-folder,,,local-only,,local,"2015/Live From The Path - May 18, 2015 (2016_10_07 00_26_59 UTC).mp3","2015/Live From The Path - May 18, 2015 (2016_10_07 00_26_59 UTC).mp3",Master/2015/05/2015-05-18__S2015E035__episode.mp3,,
2015,36,2015-05-22,rss,,"May 18, 2015 Podcast",rss-only,may-18-2015-podcast-f9265c15b7,rss,https://dts.podtrac.com/redirect.mp3/livefromthepath.org/wp-content/uploads/2015/05/20150518.mp3,,Master/2015/05/2015-05-22__S2015E036__may-18-2015-podcast.mp3,,
2015,37,2015-06-02,rss,,"June 1, 2015 Podcast",confirmed,june-1-2015-podcast-5a5d738e76,rss,https://dts.podtrac.com/redirect.mp3/livefromthepath.org/wp-content/uploads/2015/06/20150601.mp3,2015/20150601.mp3,Master/2015/06/2015-06-02__S2015E037__june-1-2015-podcast.mp3,,
2015,38,2015-06-08,embedded-title+file-modified-year+filename+year-folder,,,local-only,,local,"2015/Live From The Path - June 8, 2015 (2016_10_07 00_26_59 UTC).mp3","2015/Live From The Path - June 8, 2015 (2016_10_07 00_26_59 UTC).mp3",Master/2015/06/2015-06-08__S2015E038__episode.mp3,,
2015,39,2015-06-09,rss,,"June 8, 2015 Podcast",confirmed,june-8-2015-podcast-39fdb911a0,rss,https://dts.podtrac.com/redirect.mp3/livefromthepath.org/wp-content/uploads/2015/06/20150608.mp3,2015/20150608.mp3,Master/2015/06/2015-06-09__S2015E039__june-8-2015-podcast.mp3,,
2015,40,2015-06-19,rss,,"June 15, 2015 Podcast",confirmed,june-15-2015-podcast-63b16d767a,rss,https://dts.podtrac.com/redirect.mp3/livefromthepath.org/wp-content/uploads/2015/06/20150615.mp3,2015/20150615.mp3,Master/2015/06/2015-06-19__S2015E040__june-15-2015-podcast.mp3,,
2015,41,2015-06-24,rss,,"June 22, 2015 Podcast",confirmed,june-22-2015-podcast-8cb941897f,rss,https://dts.podtrac.com/redirect.mp3/livefromthepath.org/wp-content/uploads/2015/06/20150622.mp3,2015/20150622 (2016_10_07 00_26_59 UTC).mp3,Master/2015/06/2015-06-24__S2015E041__june-22-2015-podcast.mp3,,
2015,42,2015-06-30,rss,,"June 29, 2015 Podcast",confirmed,june-29-2015-podcast-7df9273e60,rss,https://dts.podtrac.com/redirect.mp3/livefromthepath.org/wp-content/uploads/2015/06/20150629.mp3,2015/20150629.mp3,Master/2015/06/2015-06-30__S2015E042__june-29-2015-podcast.mp3,,
2015,43,2015-07-07,rss,,July 7 2015 Podcast,confirmed,july-7-2015-podcast-dd820b3593,rss,https://dts.podtrac.com/redirect.mp3/livefromthepath.org/wp-content/uploads/2015/07/20150706.mp3,2015/20150706.mp3,Master/2015/07/2015-07-07__S2015E043__july-7-2015-podcast.mp3,,
2015,44,2015-07-13,embedded-title+file-modified-year+filename+year-folder,,,local-only,,local,2015/20150713 (2016_10_07 00_26_59 UTC).mp3,2015/20150713 (2016_10_07 00_26_59 UTC).mp3,Master/2015/07/2015-07-13__S2015E044__episode.mp3,,
2015,45,2015-07-17,rss,,July 13 2015 Podcast,rss-only,july-13-2015-podcast-db74a3350e,rss,https://dts.podtrac.com/redirect.mp3/livefromthepath.org/wp-content/uploads/2015/07/20150713.mp3,,Master/2015/07/2015-07-17__S2015E045__july-13-2015-podcast.mp3,,
2015,46,2015-07-22,rss,,July 20 2015 Podcast – Driven 11,confirmed,july-20-2015-podcast-driven-11-6f9f325b35,rss,https://dts.podtrac.com/redirect.mp3/livefromthepath.org/wp-content/uploads/2015/07/20150720.mp3,2015/20150720 (2016_10_07 00_26_59 UTC).mp3,Master/2015/07/2015-07-22__S2015E046__july-20-2015-podcast-driven-11.mp3,,
2015,47,2015-07-27,embedded-title+file-modified-year+filename+year-folder,,,local-only,,local,2015/Live From The Path - 7-27-2015 (2016_10_07 00_26_59 UTC).mp3,2015/Live From The Path - 7-27-2015 (2016_10_07 00_26_59 UTC).mp3,Master/2015/07/2015-07-27__S2015E047__episode.mp3,,
2015,48,2015-07-29,rss,,July 27 2015 Podcast – Eisenlauer Team,confirmed,july-27-2015-podcast-eisenlauer-team-bb27160a9c,rss,https://dts.podtrac.com/redirect.mp3/livefromthepath.org/wp-content/uploads/2015/07/20150727.mp3,2015/20150727 (2016_10_07 00_26_59 UTC).mp3,Master/2015/07/2015-07-29__S2015E048__july-27-2015-podcast-eisenlauer-team.mp3,,
2015,49,2015-08-04,rss,,"August 3, 2015 Podcast",confirmed,august-3-2015-podcast-8630305c5b,rss,https://dts.podtrac.com/redirect.mp3/livefromthepath.org/wp-content/uploads/2015/08/20150803.mp3,2015/20150803.mp3,Master/2015/08/2015-08-04__S2015E049__august-3-2015-podcast.mp3,,
2015,50,2015-08-10,embedded-title+file-modified-year+filename+year-folder,,,local-only,,local,"2015/Live From The Path - August 10, 2015 (2016_10_07 00_26_59 UTC).mp3","2015/Live From The Path - August 10, 2015 (2016_10_07 00_26_59 UTC).mp3",Master/2015/08/2015-08-10__S2015E050__episode.mp3,,
2015,51,2015-08-11,rss,,"August 10, 2015 Podcast",confirmed,august-10-2015-podcast-4c16e51f1c,rss,https://dts.podtrac.com/redirect.mp3/livefromthepath.org/wp-content/uploads/2015/08/20150811.mp3,2015/20150811.mp3,Master/2015/08/2015-08-11__S2015E051__august-10-2015-podcast.mp3,,
2015,52,2015-08-18,rss,,"August 17, 2015 Podcast",confirmed,august-17-2015-podcast-c93ed25f66,rss,https://dts.podtrac.com/redirect.mp3/livefromthepath.org/wp-content/uploads/2015/08/20150817.mp3,2015/20150817.mp3,Master/2015/08/2015-08-18__S2015E052__august-17-2015-podcast.mp3,,
2015,53,2015-08-24,embedded-title+file-modified-year+filename+year-folder,,,local-only,,local,"2015/Live From The Path - August 24, 2015 (2016_10_07 00_26_59 UTC).mp3","2015/Live From The Path - August 24, 2015 (2016_10_07 00_26_59 UTC).mp3",Master/2015/08/2015-08-24__S2015E053__episode.mp3,,
2015,54,2015-08-26,rss,,"August 24, 2015 Podcast",confirmed,august-24-2015-podcast-4ec215ed0f,rss,https://dts.podtrac.com/redirect.mp3/livefromthepath.org/wp-content/uploads/2015/08/20150824.mp3,2015/20150824.mp3,Master/2015/08/2015-08-26__S2015E054__august-24-2015-podcast.mp3,,
2015,55,2015-09-01,rss,,"August 31, 2015 Podcast",confirmed,august-31-2015-podcast-04531b6f97,rss,https://dts.podtrac.com/redirect.mp3/livefromthepath.org/wp-content/uploads/2015/08/20150831.mp3,2015/20150831.mp3,Master/2015/09/2015-09-01__S2015E055__august-31-2015-podcast.mp3,,
2015,56,2015-09-08,rss,,"September 7, 2015 Podcast",confirmed,september-7-2015-podcast-7796fc88e3,rss,https://dts.podtrac.com/redirect.mp3/livefromthepath.org/wp-content/uploads/2015/09/20150907.mp3,2015/20150907.mp3,Master/2015/09/2015-09-08__S2015E056__september-7-2015-podcast.mp3,,
2015,57,2015-09-22,rss,,"September 21, 2015 Podcast",confirmed,september-21-2015-podcast-b02260f58e,rss,https://dts.podtrac.com/redirect.mp3/livefromthepath.org/wp-content/uploads/2015/09/20150921.mp3,2015/20150921.mp3,Master/2015/09/2015-09-22__S2015E057__september-21-2015-podcast.mp3,,
2015,58,2015-09-29,rss,,"September 28, 2015 Podcast",confirmed,september-28-2015-podcast-502b441724,rss,https://dts.podtrac.com/redirect.mp3/livefromthepath.org/wp-content/uploads/2015/09/20150928.mp3,2015/20150928.mp3,Master/2015/09/2015-09-29__S2015E058__september-28-2015-podcast.mp3,,
2015,59,2015-10-06,rss,,"October 5, 2015 Podcast",confirmed,october-5-2015-podcast-b113b7aa1a,rss,https://dts.podtrac.com/redirect.mp3/livefromthepath.org/wp-content/uploads/2015/10/20151005.mp3,2015/20151005.mp3,Master/2015/10/2015-10-06__S2015E059__october-5-2015-podcast.mp3,,
2015,60,2015-10-13,rss,,"October 12, 2015 Podcast",confirmed,october-12-2015-podcast-c05688bf8a,rss,https://dts.podtrac.com/redirect.mp3/livefromthepath.org/wp-content/uploads/2015/10/20151012.mp3,2015/20151012.mp3,Master/2015/10/2015-10-13__S2015E060__october-12-2015-podcast.mp3,,
2015,61,2015-10-20,rss,,"October 19, 2015 Podcast",confirmed,october-19-2015-podcast-14c6cb7bca,rss,https://dts.podtrac.com/redirect.mp3/livefromthepath.org/wp-content/uploads/2015/10/20151019.mp3,2015/20151019.mp3,Master/2015/10/2015-10-20__S2015E061__october-19-2015-podcast.mp3,,
2015,62,2015-10-29,rss,,"October 26, 2015 Podcast",rss-only,october-26-2015-podcast-339a785709,rss,https://dts.podtrac.com/redirect.mp3/livefromthepath.org/wp-content/uploads/2015/10/20151028.mp3,,Master/2015/10/2015-10-29__S2015E062__october-26-2015-podcast.mp3,,
2015,63,2015-11-10,rss,,"November 2, 2015 Podcast",confirmed,november-2-2015-podcast-a0338a0be2,rss,https://dts.podtrac.com/redirect.mp3/livefromthepath.org/wp-content/uploads/2015/11/20151102.mp3,2015/20151102.mp3,Master/2015/11/2015-11-10__S2015E063__november-2-2015-podcast.mp3,,
2015,64,2015-11-10,rss,,"November 9, 2015 Podcast",confirmed,november-9-2015-podcast-57e812b5f3,rss,https://dts.podtrac.com/redirect.mp3/livefromthepath.org/wp-content/uploads/2015/11/20151109.mp3,2015/20151109.mp3,Master/2015/11/2015-11-10__S2015E064__november-9-2015-podcast.mp3,,
2015,65,2015-11-17,rss,,"November 16, 2015 Podcast",confirmed,november-16-2015-podcast-c238c38c5e,rss,https://dts.podtrac.com/redirect.mp3/livefromthepath.org/wp-content/uploads/2015/11/20151116.mp3,2015/20151116.mp3,Master/2015/11/2015-11-17__S2015E065__november-16-2015-podcast.mp3,,
2015,66,2015-11-24,rss,,"November 23, 2015 Podcast",confirmed,november-23-2015-podcast-1dff7e09b8,rss,https://dts.podtrac.com/redirect.mp3/livefromthepath.org/wp-content/uploads/2015/11/20151123.mp3,2015/20151123.mp3,Master/2015/11/2015-11-24__S2015E066__november-23-2015-podcast.mp3,,
2015,67,2015-12-01,rss,,"November 30, 2015 Podcast",confirmed,november-30-2015-podcast-eb1c101da7,rss,https://dts.podtrac.com/redirect.mp3/livefromthepath.org/wp-content/uploads/2015/12/20151130.mp3,2015/20151130.mp3,Master/2015/12/2015-12-01__S2015E067__november-30-2015-podcast.mp3,,
2015,68,2015-12-08,rss,,"December 7, 2015 Podcast",confirmed,december-7-2015-podcast-d3e8ab5866,rss,https://dts.podtrac.com/redirect.mp3/livefromthepath.org/wp-content/uploads/2015/12/20151207.mp3,2015/20151207 (2016_10_07 00_26_59 UTC).mp3,Master/2015/12/2015-12-08__S2015E068__december-7-2015-podcast.mp3,,
2015,69,2015-12-23,rss,,Retro LFTP: 1st Episode,rss-only,retro-lftp-1st-episode-6491c027de,rss,https://dts.podtrac.com/redirect.mp3/livefromthepath.org/wp-content/uploads/2015/12/20151222.mp3,,Master/2015/12/2015-12-23__S2015E069__retro-lftp-1st-episode.mp3,,
2015,70,,unresolved,,Live From The Path - Silversyde 2015,confirmed,,local,2015/Live From The Path - Silversyde 2015 (2016_10_07 00_26_59 UTC).mp3,2015/Live From The Path - Silversyde 2015 (2016_10_07 00_26_59 UTC).mp3,Master/2015/00-unknown-date/2015-00-00__S2015E070__live-from-the-path-silversyde-2015.mp3,,Exact episode date unresolved
2016,1,2016-01-05,rss,,"2016 Episode 1 | Hell, Closed Handed Issues, and Prophecy",confirmed,2016-episode-1-hell-closed-handed-issues-and-pro-1ce70e758e,rss,https://dts.podtrac.com/redirect.mp3/livefromthepath.org/wp-content/uploads/2016/01/20160104.mp3,2016/20160104.mp3,Master/2016/01/2016-01-05__S2016E001__2016-episode-1-hell-closed-handed-issues-and-prophecy.mp3,,
2016,2,2016-01-12,rss,,2016 Episode 2,confirmed,2016-episode-2-3fa7e13d2e,rss,https://dts.podtrac.com/redirect.mp3/livefromthepath.org/wp-content/uploads/2016/01/20160112.mp3,2016/20160112.mp3,Master/2016/01/2016-01-12__S2016E002__2016-episode-2.mp3,,
2016,3,2016-01-19,rss,,2016 Episode 3,confirmed,2016-episode-3-00a957fe06,rss,https://dts.podtrac.com/redirect.mp3/livefromthepath.org/wp-content/uploads/2016/01/20160118.mp3,2016/20160118.mp3,Master/2016/01/2016-01-19__S2016E003__2016-episode-3.mp3,,
2016,4,2016-01-26,rss,,2016 Episode 4,confirmed,2016-episode-4-a991ce0f7b,rss,https://dts.podtrac.com/redirect.mp3/livefromthepath.org/wp-content/uploads/2016/01/20160125.mp3,2016/20160125.mp3,Master/2016/01/2016-01-26__S2016E004__2016-episode-4.mp3,,
2016,5,2016-02-02,rss,,2016 Episode 5,confirmed,2016-episode-5-19b260c774,rss,https://dts.podtrac.com/redirect.mp3/livefromthepath.org/wp-content/uploads/2016/02/20160201.mp3,2016/20160201.mp3,Master/2016/02/2016-02-02__S2016E005__2016-episode-5.mp3,,
2016,6,2016-02-09,rss,,2016 Episode 6,confirmed,2016-episode-6-cbc98a252e,rss,https://dts.podtrac.com/redirect.mp3/livefromthepath.org/wp-content/uploads/2016/02/20160208.mp3,2016/20160208.mp3,Master/2016/02/2016-02-09__S2016E006__2016-episode-6.mp3,,
2016,7,2016-02-16,rss,,2016 Episode 7,confirmed,2016-episode-7-8ff2c35aab,rss,https://dts.podtrac.com/redirect.mp3/livefromthepath.org/wp-content/uploads/2016/02/20160215.mp3,2016/20160215.mp3,Master/2016/02/2016-02-16__S2016E007__2016-episode-7.mp3,,
2016,8,2016-02-23,rss,,2016 Episode 8,confirmed,2016-episode-8-7d0ca85ebf,rss,https://dts.podtrac.com/redirect.mp3/livefromthepath.org/wp-content/uploads/2016/02/20160223.mp3,2016/20160223.mp3,Master/2016/02/2016-02-23__S2016E008__2016-episode-8.mp3,,
2016,9,2016-03-01,rss,,2016 Episode 9,rss-only,2016-episode-9-7a5bb83344,rss,https://dts.podtrac.com/redirect.mp3/livefromthepath.org/wp-content/uploads/2016/02/20160229.mp3,,Master/2016/03/2016-03-01__S2016E009__2016-episode-9.mp3,,
2016,10,2016-03-17,rss,,2016 Episode 10,confirmed,2016-episode-10-9945f0890b,rss,https://dts.podtrac.com/redirect.mp3/livefromthepath.org/wp-content/uploads/2016/03/20160314.mp3,2016/20160314.mp3,Master/2016/03/2016-03-17__S2016E010__2016-episode-10.mp3,,
2016,11,2016-03-22,rss,,2016 Episode 11,confirmed,2016-episode-11-bc14e5e5bd,rss,https://dts.podtrac.com/redirect.mp3/livefromthepath.org/wp-content/uploads/2016/03/20160321E10.mp3,2016/20160321E10.mp3,Master/2016/03/2016-03-22__S2016E011__2016-episode-11.mp3,,
2016,12,2016-03-29,rss,,2016 Episode 12,confirmed,2016-episode-12-3b483bdfa4,rss,https://dts.podtrac.com/redirect.mp3/livefromthepath.org/wp-content/uploads/2016/03/20160328.mp3,2016/20160328.mp3,Master/2016/03/2016-03-29__S2016E012__2016-episode-12.mp3,,
2016,13,2016-04-11,embedded-title+file-modified-year+filename+year-folder,13,2016 E13 | 04/11/2016,local-only,,local,2016/20160411 (2016_10_07 00_26_59 UTC).mp3,2016/20160411 (2016_10_07 00_26_59 UTC).mp3,Master/2016/04/2016-04-11__S2016E013__2016-e13-04-11-2016.mp3,,
2016,14,2016-04-15,rss,,2016 Episode 13,rss-only,2016-episode-13-c801fdde40,rss,https://dts.podtrac.com/redirect.mp3/livefromthepath.org/wp-content/uploads/2016/04/20160411.mp3,,Master/2016/04/2016-04-15__S2016E014__2016-episode-13.mp3,,
2016,15,2016-04-18,embedded-title+file-modified-year+filename+year-folder,,,local-only,,local,2016/20160418 (2016_10_07 00_26_59 UTC).mp3,2016/20160418 (2016_10_07 00_26_59 UTC).mp3,Master/2016/04/2016-04-18__S2016E015__episode.mp3,,
2016,16,2016-04-27,rss,,2016 Episode 14,rss-only,2016-episode-14-0acb302933,rss,https://dts.podtrac.com/redirect.mp3/livefromthepath.org/wp-content/uploads/2016/04/20160418.mp3,,Master/2016/04/2016-04-27__S2016E016__2016-episode-14.mp3,,
2016,17,2016-04-27,rss,,2016 Episode 15,confirmed,2016-episode-15-2df347a1ec,local-recovery,2016/20160425 (2016_10_07 00_26_59 UTC).mp3,2016/20160425 (2016_10_07 00_26_59 UTC).mp3,Master/2016/04/2016-04-27__S2016E017__2016-episode-15.mp3,,
2016,18,2016-05-11,rss,,2016 Episode 17,confirmed,2016-episode-17-70698b783e,rss,https://dts.podtrac.com/redirect.mp3/livefromthepath.org/wp-content/uploads/2016/05/20160509.mp3,2016/20160509.mp3,Master/2016/05/2016-05-11__S2016E018__2016-episode-17.mp3,,
2016,19,2016-05-17,rss,,2016 Episode 18,confirmed,2016-episode-18-1c09cd5617,rss,https://dts.podtrac.com/redirect.mp3/livefromthepath.org/wp-content/uploads/2016/05/20160516.mp3,2016/20160516.mp3,Master/2016/05/2016-05-17__S2016E019__2016-episode-18.mp3,,
2016,20,2016-05-24,rss,,2016 Episode 19,rss-only,2016-episode-19-841aedc3d8,rss,https://dts.podtrac.com/redirect.mp3/livefromthepath.org/wp-content/uploads/2016/05/20160523.mp3,,Master/2016/05/2016-05-24__S2016E020__2016-episode-19.mp3,,
2016,21,2016-06-07,rss,,2016 Episode 20,confirmed,2016-episode-20-da81d522f6,rss,https://dts.podtrac.com/redirect.mp3/livefromthepath.org/wp-content/uploads/2016/06/20160606.mp3,2016/20160606.mp3,Master/2016/06/2016-06-07__S2016E021__2016-episode-20.mp3,,
2016,22,2016-06-21,rss,,2016 Episode 21,confirmed,2016-episode-21-415a909f26,rss,https://dts.podtrac.com/redirect.mp3/livefromthepath.org/wp-content/uploads/2016/06/20160613.mp3,2016/20160613.mp3,Master/2016/06/2016-06-21__S2016E022__2016-episode-21.mp3,,
2016,23,2016-06-21,rss,,2016 Episode 22,confirmed,2016-episode-22-c038436afc,rss,https://dts.podtrac.com/redirect.mp3/livefromthepath.org/wp-content/uploads/2016/06/20160620.mp3,2016/20160620.mp3,Master/2016/06/2016-06-21__S2016E023__2016-episode-22.mp3,,
2016,24,2016-06-28,rss,,2016 Episode 23,confirmed,2016-episode-23-377946b0ca,rss,https://dts.podtrac.com/redirect.mp3/livefromthepath.org/wp-content/uploads/2016/06/20160627.mp3,2016/20160627.mp3,Master/2016/06/2016-06-28__S2016E024__2016-episode-23.mp3,,
2016,25,2016-07-12,rss,,2016 Episode 24,confirmed,2016-episode-24-847ba0d023,rss,https://dts.podtrac.com/redirect.mp3/livefromthepath.org/wp-content/uploads/2016/07/20160711.mp3,2016/20160711.mp3,Master/2016/07/2016-07-12__S2016E025__2016-episode-24.mp3,,
2016,26,2016-07-19,rss,,2016 Episode 25,confirmed,2016-episode-25-643b7be317,rss,https://dts.podtrac.com/redirect.mp3/livefromthepath.org/wp-content/uploads/2016/07/20160718.mp3,2016/20160718.mp3,Master/2016/07/2016-07-19__S2016E026__2016-episode-25.mp3,,
2016,27,2016-07-26,rss,,2016 Episode 26,confirmed,2016-episode-26-30e9188dca,rss,https://dts.podtrac.com/redirect.mp3/livefromthepath.org/wp-content/uploads/2016/07/20160725.mp3,2016/20160725.mp3,Master/2016/07/2016-07-26__S2016E027__2016-episode-26.mp3,,
2016,28,2016-08-09,rss,,2016 Episode 27,confirmed,2016-episode-27-8338022b2c,rss,https://dts.podtrac.com/redirect.mp3/livefromthepath.org/wp-content/uploads/2016/08/20160801.mp3,2016/20160801.mp3,Master/2016/08/2016-08-09__S2016E028__2016-episode-27.mp3,,
2016,29,2016-08-09,rss,,2016 Episode 28,confirmed,2016-episode-28-76efe49e3d,rss,https://dts.podtrac.com/redirect.mp3/livefromthepath.org/wp-content/uploads/2016/08/20160808.mp3,2016/20160808.mp3,Master/2016/08/2016-08-09__S2016E029__2016-episode-28.mp3,,
2016,30,2016-08-18,rss,,2016 Episode 29,confirmed,2016-episode-29-6cbc27897e,rss,https://dts.podtrac.com/redirect.mp3/livefromthepath.org/wp-content/uploads/2016/08/20160815.mp3,2016/20160815.mp3,Master/2016/08/2016-08-18__S2016E030__2016-episode-29.mp3,,
2016,31,2016-08-23,rss,,2016 Episode 30,confirmed,2016-episode-30-479bfa2128,rss,https://dts.podtrac.com/redirect.mp3/livefromthepath.org/wp-content/uploads/2016/08/20160822.mp3,2016/20160822.mp3,Master/2016/08/2016-08-23__S2016E031__2016-episode-30.mp3,,
2016,32,2016-08-30,rss,,2016 Episode 31,confirmed,2016-episode-31-31d1f631fa,rss,https://dts.podtrac.com/redirect.mp3/livefromthepath.org/wp-content/uploads/2016/08/20160829.mp3,2016/20160829.mp3,Master/2016/08/2016-08-30__S2016E032__2016-episode-31.mp3,,
2016,33,2016-09-06,rss,,2016 Episode 32,confirmed,2016-episode-32-fb97a96e02,rss,https://dts.podtrac.com/redirect.mp3/livefromthepath.org/wp-content/uploads/2016/09/20160905.mp3,2016/20160905.mp3,Master/2016/09/2016-09-06__S2016E033__2016-episode-32.mp3,,
2016,34,2016-09-13,rss,,2016 Episode 33,confirmed,2016-episode-33-c395157afc,rss,https://dts.podtrac.com/redirect.mp3/livefromthepath.org/wp-content/uploads/2016/09/20160912.mp3,2016/20160912.mp3,Master/2016/09/2016-09-13__S2016E034__2016-episode-33.mp3,,
2016,35,2016-09-27,rss,,2016 Episode 34,confirmed,2016-episode-34-d6c981e65f,rss,https://dts.podtrac.com/redirect.mp3/livefromthepath.org/wp-content/uploads/2016/09/20160926.mp3,2016/20160926.mp3,Master/2016/09/2016-09-27__S2016E035__2016-episode-34.mp3,,
2016,36,2016-10-05,rss,,2016 Episode 35,confirmed,2016-episode-35-03f99ff222,rss,https://dts.podtrac.com/redirect.mp3/livefromthepath.org/wp-content/uploads/2016/10/20161003.mp3,2016/20161003.mp3,Master/2016/10/2016-10-05__S2016E036__2016-episode-35.mp3,,
2016,37,2016-10-12,rss,,2016 Episode 36,confirmed,2016-episode-36-aa1373a7a1,rss,https://dts.podtrac.com/redirect.mp3/livefromthepath.org/wp-content/uploads/2016/10/20161010.mp3,2016/20161010.mp3,Master/2016/10/2016-10-12__S2016E037__2016-episode-36.mp3,,
2016,38,2016-10-18,rss,,2016 Episode 37,confirmed,2016-episode-37-4c27010404,rss,https://dts.podtrac.com/redirect.mp3/livefromthepath.org/wp-content/uploads/2016/10/20161017.mp3,2016/20161017.mp3,Master/2016/10/2016-10-18__S2016E038__2016-episode-37.mp3,,
2016,39,2016-10-25,rss,,2016 Episode 38,confirmed,2016-episode-38-da78c6362e,rss,https://dts.podtrac.com/redirect.mp3/livefromthepath.org/wp-content/uploads/2016/10/20161024.mp3,2016/20161024.mp3,Master/2016/10/2016-10-25__S2016E039__2016-episode-38.mp3,,
2016,40,2016-11-01,rss,,2016 Episode 39,confirmed,2016-episode-39-3876a2d1fa,rss,https://dts.podtrac.com/redirect.mp3/livefromthepath.org/wp-content/uploads/2016/10/20161031.mp3,2016/20161031.mp3,Master/2016/11/2016-11-01__S2016E040__2016-episode-39.mp3,,
2016,41,2016-11-08,rss,,2016 Episode 40,confirmed,2016-episode-40-79425106f4,rss,https://dts.podtrac.com/redirect.mp3/livefromthepath.org/wp-content/uploads/2016/11/20161107.mp3,2016/20161107.mp3,Master/2016/11/2016-11-08__S2016E041__2016-episode-40.mp3,,
2016,42,2016-11-15,rss,,2016 Episode 41,confirmed,2016-episode-41-208c6be6c5,rss,https://dts.podtrac.com/redirect.mp3/livefromthepath.org/wp-content/uploads/2016/11/20161114.mp3,2016/20161114.mp3,Master/2016/11/2016-11-15__S2016E042__2016-episode-41.mp3,,
2016,43,2016-11-22,rss,,2016 Episode 42,confirmed,2016-episode-42-08cf2f16df,rss,https://dts.podtrac.com/redirect.mp3/livefromthepath.org/wp-content/uploads/2016/11/20161121.mp3,2016/20161121.mp3,Master/2016/11/2016-11-22__S2016E043__2016-episode-42.mp3,,
2016,44,2016-11-29,rss,,2016 Episode 43,rss-only,2016-episode-43-04d086894a,rss,https://dts.podtrac.com/redirect.mp3/livefromthepath.org/wp-content/uploads/2016/11/20161128.mp3,,Master/2016/11/2016-11-29__S2016E044__2016-episode-43.mp3,,
2016,45,2016-12-20,rss,,2016 Episode 44,rss-only,2016-episode-44-1dcb828cc2,rss,https://dts.podtrac.com/redirect.mp3/livefromthepath.org/wp-content/uploads/2016/12/20161219.mp3,,Master/2016/12/2016-12-20__S2016E045__2016-episode-44.mp3,,
2016,46,,unresolved,,Live From The Path w/ Jacey,local-only,,local,2016/Live From The Path - Live From The Path w- Jacey (2016_10_07 00_26_59 UTC).mp3,2016/Live From The Path - Live From The Path w- Jacey (2016_10_07 00_26_59 UTC).mp3,Master/2016/00-unknown-date/2016-00-00__S2016E046__live-from-the-path-w-jacey.mp3,,Exact episode date unresolved
2017,1,2017-01-03,rss,1,2017 Episode 1,rss-only,ep-001-e8e472284f,rss,https://dts.podtrac.com/redirect.mp3/livefromthepath.org/wp-content/uploads/2017/01/Live-From-The-Path-2017-E1-01-02-2017.mp3,,Master/2017/01/2017-01-03__S2017E001__2017-episode-1.mp3,,
2017,2,2017-01-13,rss,,2017 Episode 2,rss-only,2017-episode-2-713ab37133,rss,https://dts.podtrac.com/redirect.mp3/livefromthepath.org/wp-content/uploads/2017/01/Live-From-The-Path-2017-E2-01-09-2017.mp3,,Master/2017/01/2017-01-13__S2017E002__2017-episode-2.mp3,,
2017,3,2017-01-31,rss,,2017 Episode 3,confirmed,2017-episode-3-cf0cb680c6,rss,https://dts.podtrac.com/redirect.mp3/livefromthepath.org/wp-content/uploads/2017/01/20170130.mp3,2017/20170130.mp3,Master/2017/01/2017-01-31__S2017E003__2017-episode-3.mp3,,
2017,4,2017-02-14,rss,,2017 Episode 4,confirmed,2017-episode-4-8807f74f09,rss,https://dts.podtrac.com/redirect.mp3/livefromthepath.org/wp-content/uploads/2017/02/20170213.mp3,2017/20170213.mp3,Master/2017/02/2017-02-14__S2017E004__2017-episode-4.mp3,,
2017,5,2017-02-21,rss,,2017 Episode 5,rss-only,2017-episode-5-8479e8aef1,rss,https://dts.podtrac.com/redirect.mp3/livefromthepath.org/wp-content/uploads/2017/02/20170220.mp3,,Master/2017/02/2017-02-21__S2017E005__2017-episode-5.mp3,,
2017,6,2017-02-28,rss,,2017 Episode 6,rss-only,2017-episode-6-2955ffa381,rss,https://dts.podtrac.com/redirect.mp3/livefromthepath.org/wp-content/uploads/2017/02/20170227.mp3,,Master/2017/02/2017-02-28__S2017E006__2017-episode-6.mp3,,
2017,7,2017-03-09,rss,,2017 Episode 7,rss-only,2017-episode-7-233e6eebf5,rss,https://dts.podtrac.com/redirect.mp3/livefromthepath.org/wp-content/uploads/2017/03/20170306.mp3,,Master/2017/03/2017-03-09__S2017E007__2017-episode-7.mp3,,
2017,8,2017-03-14,rss,8,2017 Episode 8,confirmed,ep-008-4ceb642f3e,rss,https://dts.podtrac.com/redirect.mp3/livefromthepath.org/wp-content/uploads/2017/03/20170313.mp3,2017/20170313.mp3,Master/2017/03/2017-03-14__S2017E008__2017-episode-8.mp3,,
2017,9,2017-03-21,rss,,2017 Episode 9,confirmed,2017-episode-9-0a93ca4502,rss,https://dts.podtrac.com/redirect.mp3/livefromthepath.org/wp-content/uploads/2017/03/20170320.mp3,2017/20170320.mp3,Master/2017/03/2017-03-21__S2017E009__2017-episode-9.mp3,,
2017,10,2017-03-28,rss,,2017 Episode 10,confirmed,2017-episode-10-fd85c724f2,rss,https://dts.podtrac.com/redirect.mp3/livefromthepath.org/wp-content/uploads/2017/03/20170327.mp3,2017/20170327.mp3,Master/2017/03/2017-03-28__S2017E010__2017-episode-10.mp3,,
2017,11,2017-04-11,rss,,2017 Episode 11,confirmed,2017-episode-11-fff401e20f,rss,https://dts.podtrac.com/redirect.mp3/livefromthepath.org/wp-content/uploads/2017/04/20170411.mp3,2017/20170411.mp3,Master/2017/04/2017-04-11__S2017E011__2017-episode-11.mp3,,
2017,12,2017-04-18,rss,,2017 Episode 12,confirmed,2017-episode-12-bbcfa855e9,rss,https://dts.podtrac.com/redirect.mp3/livefromthepath.org/wp-content/uploads/2017/04/20170417.mp3,2017/20170417.mp3,Master/2017/04/2017-04-18__S2017E012__2017-episode-12.mp3,,
2017,13,2017-04-30,rss,,2017 Episode 13,confirmed,2017-episode-13-3badc9ac32,rss,https://dts.podtrac.com/redirect.mp3/livefromthepath.org/wp-content/uploads/2017/04/20170424.mp3,2017/20170424.mp3,Master/2017/04/2017-04-30__S2017E013__2017-episode-13.mp3,,
2017,14,2017-05-02,rss,14,2017 Episode 14,confirmed,ep-014-4c29b60980,rss,https://dts.podtrac.com/redirect.mp3/livefromthepath.org/wp-content/uploads/2017/05/20170501.mp3,2017/20170501.mp3,Master/2017/05/2017-05-02__S2017E014__2017-episode-14.mp3,,
2017,15,2017-05-09,rss,,2017 Episode 15,confirmed,2017-episode-15-62ed778169,rss,https://dts.podtrac.com/redirect.mp3/livefromthepath.org/wp-content/uploads/2017/05/20170508.mp3,2017/20170508.mp3,Master/2017/05/2017-05-09__S2017E015__2017-episode-15.mp3,,
2017,16,2017-05-16,rss,17,Survey Says,confirmed,ep-017-850ae14184,rss,https://dts.podtrac.com/redirect.mp3/livefromthepath.org/wp-content/uploads/2017/05/20170515.mp3,2017/20170515.mp3,Master/2017/05/2017-05-16__S2017E016__survey-says.mp3,Reported episode number differs from date-order sequence,
2017,17,2017-05-23,rss,17,The Man Romper,confirmed,ep-017-4e10cdbd45,rss,https://dts.podtrac.com/redirect.mp3/livefromthepath.org/wp-content/uploads/2017/05/20170522.mp3,2017/20170522.mp3,Master/2017/05/2017-05-23__S2017E017__the-man-romper.mp3,,
2017,18,2017-06-06,rss,18,Guppies and Pumpkins,confirmed,ep-018-6dd8275e8e,rss,https://dts.podtrac.com/redirect.mp3/livefromthepath.org/wp-content/uploads/2017/06/20170605.mp3,2017/20170605.mp3,Master/2017/06/2017-06-06__S2017E018__guppies-and-pumpkins.mp3,,
2017,19,2017-06-13,rss,19,"Too Long, Didn’t Read It",confirmed,ep-019-34901492af,rss,https://dts.podtrac.com/redirect.mp3/livefromthepath.org/wp-content/uploads/2017/06/20170612.mp3,2017/20170612.mp3,Master/2017/06/2017-06-13__S2017E019__too-long-didn-t-read-it.mp3,,
2017,20,2017-06-20,rss,20,From Rib to Reality,confirmed,ep-020-3033040430,rss,https://dts.podtrac.com/redirect.mp3/livefromthepath.org/wp-content/uploads/2017/06/20170619.mp3,2017/20170619.mp3,Master/2017/06/2017-06-20__S2017E020__from-rib-to-reality.mp3,,
2017,21,2017-07-25,rss,22,Got You Under My Skin,rss-only,ep-022-7eb1bcee42,rss,https://dts.podtrac.com/redirect.mp3/livefromthepath.org/wp-content/uploads/2017/07/Live-From-The-Path-2017-E22-07-24-2017.mp3,,Master/2017/07/2017-07-25__S2017E021__got-you-under-my-skin.mp3,Reported episode number differs from date-order sequence,
2017,22,2017-08-21,rss,23,Hippo Valley PTA,confirmed,ep-023-a73cd6f7a7,rss,https://dts.podtrac.com/redirect.mp3/livefromthepath.org/wp-content/uploads/2017/08/LFTP20170731.mp3,2017/LFTP20170731.mp3,Master/2017/08/2017-08-21__S2017E022__hippo-valley-pta.mp3,Reported episode number differs from date-order sequence,
2017,23,2017-08-21,rss,24,Discover Hope 5:17,confirmed,ep-024-ae948b33b4,rss,https://dts.podtrac.com/redirect.mp3/livefromthepath.org/wp-content/uploads/2017/08/LFTP20170815.mp3,2017/LFTP20170815.mp3,Master/2017/08/2017-08-21__S2017E023__discover-hope-5-17.mp3,Reported episode number differs from date-order sequence,
2017,24,2017-09-06,rss,25,Texas Flood,rss-only,ep-025-a41785722c,rss,https://dts.podtrac.com/redirect.mp3/livefromthepath.org/wp-content/uploads/2017/09/20170828E25.mp3,,Master/2017/09/2017-09-06__S2017E024__texas-flood.mp3,Reported episode number differs from date-order sequence,
2017,25,2017-09-06,rss,26,"Beg Your Pardon, Joel",confirmed,ep-026-134c99b825,rss,https://dts.podtrac.com/redirect.mp3/livefromthepath.org/wp-content/uploads/2017/09/20170904E26.mp3,2017/20170904E26.mp3,Master/2017/09/2017-09-06__S2017E025__beg-your-pardon-joel.mp3,Reported episode number differs from date-order sequence,
2017,26,2017-09-26,rss,27,To Kneel or to Drag,rss-only,ep-027-e2fdb2148f,rss,https://dts.podtrac.com/redirect.mp3/livefromthepath.org/wp-content/uploads/2017/09/Live-From-The-Path-2017-E27-09-25-2017-1.mp3,,Master/2017/09/2017-09-26__S2017E026__to-kneel-or-to-drag.mp3,Reported episode number differs from date-order sequence,
2017,27,2017-10-22,rss,28,The Christian Lorax,rss-only,ep-028-bffe3f407e,rss,https://dts.podtrac.com/redirect.mp3/livefromthepath.org/wp-content/uploads/2017/10/Live-From-The-Path_-2017-E28-_-10_02_2017.mp3,,Master/2017/10/2017-10-22__S2017E027__the-christian-lorax.mp3,Reported episode number differs from date-order sequence,
2017,28,2017-10-22,rss,29,"Crystal Joy, Completely Yours",confirmed,ep-029-4ef2c80abd,rss,https://dts.podtrac.com/redirect.mp3/livefromthepath.org/wp-content/uploads/2017/10/20171016.mp3,2017/20171016.mp3,Master/2017/10/2017-10-22__S2017E028__crystal-joy-completely-yours.mp3,Reported episode number differs from date-order sequence,
2017,29,2017-10-24,rss,30,Good News Changes the World: Health Care,rss-only,ep-030-13cac210e1,rss,https://dts.podtrac.com/redirect.mp3/livefromthepath.org/wp-content/uploads/2017/10/Live-From-The-Path-2017-E30-10-23-2017.mp3,,Master/2017/10/2017-10-24__S2017E029__good-news-changes-the-world-health-care.mp3,Reported episode number differs from date-order sequence,
2017,30,2017-11-22,rss,31,Why Ladies Cheat,rss-only,ep-031-8a84c185fb,rss,https://dts.podtrac.com/redirect.mp3/livefromthepath.org/wp-content/uploads/2017/11/20171106.mp3,,Master/2017/11/2017-11-22__S2017E030__why-ladies-cheat.mp3,Reported episode number differs from date-order sequence,
2017,31,2017-11-29,rss,32,Wings of Refuge,confirmed,ep-032-693a932c90,rss,https://dts.podtrac.com/redirect.mp3/livefromthepath.org/wp-content/uploads/2017/11/20171128.mp3,2017/20171128.mp3,Master/2017/11/2017-11-29__S2017E031__wings-of-refuge.mp3,Reported episode number differs from date-order sequence,
2018,1,2018-01-17,rss,1,Following the News,rss-only,ep-001-e6395023a7,rss,https://dts.podtrac.com/redirect.mp3/livefromthepath.org/wp-content/uploads/2018/01/Live-From-The-Path_-2018-E01-_-01_15_2018.mp3,,Master/2018/01/2018-01-17__S2018E001__following-the-news.mp3,,
2018,2,2018-01-23,rss,2,Kenny Got A Plane,rss-only,ep-002-cf2398c51e,rss,https://dts.podtrac.com/redirect.mp3/livefromthepath.org/wp-content/uploads/2018/01/Live-From-The-Path_-2018-E02-_-01_22_2018.mp3,,Master/2018/01/2018-01-23__S2018E002__kenny-got-a-plane.mp3,,
2018,3,2018-02-06,rss,3,Rightfully Miffed,rss-only,ep-003-6d4c70d4fd,rss,https://dts.podtrac.com/redirect.mp3/livefromthepath.org/wp-content/uploads/2018/02/Live-From-The-Path_-2018-E03-_-02_05_2018.mp3,,Master/2018/02/2018-02-06__S2018E003__rightfully-miffed.mp3,,
2018,4,2018-02-27,rss,4,Hinny Penny,rss-only,ep-004-3687f2b0b4,rss,https://dts.podtrac.com/redirect.mp3/livefromthepath.org/wp-content/uploads/2018/02/20180226.mp3,,Master/2018/02/2018-02-27__S2018E004__hinny-penny.mp3,,
2018,5,2018-03-06,rss,5,Dirges,rss-only,ep-005-3e4afe5e95,rss,https://dts.podtrac.com/redirect.mp3/livefromthepath.org/wp-content/uploads/2018/03/20180305.mp3,,Master/2018/03/2018-03-06__S2018E005__dirges.mp3,,
2018,6,2018-03-13,rss,6,Egypt Jane,rss-only,ep-006-d224c6b7a3,rss,https://dts.podtrac.com/redirect.mp3/livefromthepath.org/wp-content/uploads/2018/03/20180313.mp3,,Master/2018/03/2018-03-13__S2018E006__egypt-jane.mp3,,
2018,7,2018-04-04,rss,,2018 Episode 6.5,rss-only,2018-episode-6-5-3ae72dc901,rss,https://dts.podtrac.com/redirect.mp3/livefromthepath.org/wp-content/uploads/2018/04/Audio-recording-2018-04-02-12-28-55.mp3,,Master/2018/04/2018-04-04__S2018E007__2018-episode-6-5.mp3,,
2018,8,2018-04-10,rss,7,Grammys and Cheeseburgers,rss-only,ep-007-e11cf603b7,rss,https://dts.podtrac.com/redirect.mp3/livefromthepath.org/wp-content/uploads/2018/04/Live-From-The-Path_-2018-E07-_-04_9_2018.mp3,,Master/2018/04/2018-04-10__S2018E008__grammys-and-cheeseburgers.mp3,Reported episode number differs from date-order sequence,
2018,9,2018-04-17,rss,8,God and Hamilton,confirmed,ep-008-ca5f401aa4,rss,https://dts.podtrac.com/redirect.mp3/livefromthepath.org/wp-content/uploads/2018/04/20180416.mp3,2018/20180416.mp3,Master/2018/04/2018-04-17__S2018E009__god-and-hamilton.mp3,Reported episode number differs from date-order sequence,
2018,10,2018-05-15,rss,9,Risky Expectations,confirmed,ep-009-4028346113,rss,https://dts.podtrac.com/redirect.mp3/livefromthepath.org/wp-content/uploads/2018/05/20180514.mp3,2018/20180514.mp3,Master/2018/05/2018-05-15__S2018E010__risky-expectations.mp3,Reported episode number differs from date-order sequence,
2018,11,2018-08-07,rss,11,"Africa, AI and Advice",confirmed,ep-011-c53e9d5ed7,rss,https://dts.podtrac.com/redirect.mp3/livefromthepath.org/wp-content/uploads/2018/08/20180806.mp3,2018/20180806.mp3,Master/2018/08/2018-08-07__S2018E011__africa-ai-and-advice.mp3,,
2018,12,2018-08-21,rss,12,Baby Shark,confirmed,ep-012-fef73f2f9e,rss,https://dts.podtrac.com/redirect.mp3/livefromthepath.org/wp-content/uploads/2018/08/20180820.mp3,2018/20180820.mp3,Master/2018/08/2018-08-21__S2018E012__baby-shark.mp3,,
2018,13,2018-09-05,rss,13,It Can Be Done From Jail,confirmed,ep-013-3a62c3a003,rss,https://dts.podtrac.com/redirect.mp3/livefromthepath.org/wp-content/uploads/2018/09/20180903.mp3,2018/20180903.mp3,Master/2018/09/2018-09-05__S2018E013__it-can-be-done-from-jail.mp3,,
2018,14,2018-09-18,rss,14,Marriage For One,confirmed,ep-014-d300302fd8,rss,https://dts.podtrac.com/redirect.mp3/livefromthepath.org/wp-content/uploads/2018/09/20180917.mp3,2018/20180917.mp3,Master/2018/09/2018-09-18__S2018E014__marriage-for-one.mp3,,
2018,15,2018-09-25,rss,15,Our Daily Brad,confirmed,ep-015-af05502ec7,rss,https://dts.podtrac.com/redirect.mp3/livefromthepath.org/wp-content/uploads/2018/09/20180924.mp3,2018/20180924.mp3,Master/2018/09/2018-09-25__S2018E015__our-daily-brad.mp3,,
2018,16,2018-10-09,rss,14,Non-habitual,confirmed,ep-014-ef7c6e8e20,rss,https://dts.podtrac.com/redirect.mp3/livefromthepath.org/wp-content/uploads/2018/10/20181008.mp3,2018/20181008.mp3,Master/2018/10/2018-10-09__S2018E016__non-habitual.mp3,Reported episode number differs from date-order sequence,
2018,17,2018-10-16,rss,17,Sabbath or Nah,confirmed,ep-017-9f8076d313,rss,https://dts.podtrac.com/redirect.mp3/livefromthepath.org/wp-content/uploads/2018/10/20181015.mp3,2018/20181015.mp3,Master/2018/10/2018-10-16__S2018E017__sabbath-or-nah.mp3,,
2018,18,2018-10-23,rss,18,The Weight of Grace,confirmed,ep-018-8055a3c660,rss,https://dts.podtrac.com/redirect.mp3/livefromthepath.org/wp-content/uploads/2018/10/20181022.mp3,2018/20181022.mp3,Master/2018/10/2018-10-23__S2018E018__the-weight-of-grace.mp3,,
2018,19,2018-11-06,rss,19,Hide It Under A Bush,confirmed,ep-019-bbe9ed7787,rss,https://dts.podtrac.com/redirect.mp3/livefromthepath.org/wp-content/uploads/2018/11/20181105.mp3,2018/20181105.mp3,Master/2018/11/2018-11-06__S2018E019__hide-it-under-a-bush.mp3,,
2018,20,2018-11-13,rss,20,Operation Christmas Trouble,confirmed,ep-020-b49953ea32,rss,https://dts.podtrac.com/redirect.mp3/livefromthepath.org/wp-content/uploads/2018/11/20181112.mp3,2018/20181112.mp3,Master/2018/11/2018-11-13__S2018E020__operation-christmas-trouble.mp3,,
2018,21,2018-11-20,rss,21,Paul The Intern,confirmed,ep-021-1b9ce0468a,rss,https://dts.podtrac.com/redirect.mp3/livefromthepath.org/wp-content/uploads/2018/11/20181119.mp3,2018/20181119.mp3,Master/2018/11/2018-11-20__S2018E021__paul-the-intern.mp3,,
2018,22,2018-12-04,rss,22,A Bad Hombre Does Bad Things,confirmed,ep-022-6b5dbf3a62,local-recovery,2018/20181126.mp3,2018/20181126.mp3,Master/2018/12/2018-12-04__S2018E022__a-bad-hombre-does-bad-things.mp3,,
2018,23,2018-12-11,rss,24,Divided We Thrive,confirmed,ep-024-3a2e6f24ba,rss,https://dts.podtrac.com/redirect.mp3/livefromthepath.org/wp-content/uploads/2018/12/20181210.mp3,2018/20181210.mp3,Master/2018/12/2018-12-11__S2018E023__divided-we-thrive.mp3,Reported episode number differs from date-order sequence,
2019,1,2019-01-15,rss,1,Dan 4 Prez,confirmed,ep-001-4c679108e1,rss,https://dts.podtrac.com/redirect.mp3/livefromthepath.org/wp-content/uploads/2019/01/20190114.mp3,2019/20190114.mp3,Master/2019/01/2019-01-15__S2019E001__dan-4-prez.mp3,,
2019,2,2019-01-29,rss,2,Here’s My Card,confirmed,ep-002-c8ba10a831,rss,https://dts.podtrac.com/redirect.mp3/livefromthepath.org/wp-content/uploads/2019/01/20190128.mp3,2019/20190128.mp3,Master/2019/01/2019-01-29__S2019E002__here-s-my-card.mp3,,
2019,3,2019-02-26,rss,3,Millenio Evangelo,confirmed,ep-003-e017b4cde5,rss,https://dts.podtrac.com/redirect.mp3/livefromthepath.org/wp-content/uploads/2019/02/20190225.mp3,2019/20190225.mp3,Master/2019/02/2019-02-26__S2019E003__millenio-evangelo.mp3,,
2019,4,2019-03-13,rss,4,Golden Calf Purity Rings,confirmed,ep-004-07c9412b43,rss,https://dts.podtrac.com/redirect.mp3/livefromthepath.org/wp-content/uploads/2019/03/20190311.mp3,2019/20190311.mp3,Master/2019/03/2019-03-13__S2019E004__golden-calf-purity-rings.mp3,,
2019,5,2019-03-26,rss,3,Opportunity By Association,confirmed,ep-003-26d2a49680,rss,https://dts.podtrac.com/redirect.mp3/livefromthepath.org/wp-content/uploads/2019/03/20190325.mp3,2019/20190325.mp3,Master/2019/03/2019-03-26__S2019E005__opportunity-by-association.mp3,Reported episode number differs from date-order sequence,
2019,6,2019-04-09,rss,6,Beyond the Country,confirmed,ep-006-b6396732e2,rss,https://dts.podtrac.com/redirect.mp3/livefromthepath.org/wp-content/uploads/2019/04/20190408.mp3,2019/20190408.mp3,Master/2019/04/2019-04-09__S2019E006__beyond-the-country.mp3,,
2019,7,2019-04-16,rss,7,Sir Billy McAllistair,confirmed,ep-007-a8c2058d86,rss,https://dts.podtrac.com/redirect.mp3/livefromthepath.org/wp-content/uploads/2019/04/20190415.mp3,2019/20190415.mp3,Master/2019/04/2019-04-16__S2019E007__sir-billy-mcallistair.mp3,,
2019,8,2019-04-23,rss,8,"Kids, Eat Free",confirmed,ep-008-c81e17215f,rss,https://dts.podtrac.com/redirect.mp3/livefromthepath.org/wp-content/uploads/2019/04/20190422.mp3,2019/20190422.mp3,Master/2019/04/2019-04-23__S2019E008__kids-eat-free.mp3,,
2019,9,2019-05-07,rss,9,Into the Weeds,confirmed,ep-009-ab3e7ade7c,local-recovery,2019/20190429.mp3,2019/20190429.mp3,Master/2019/05/2019-05-07__S2019E009__into-the-weeds.mp3,,
2019,10,2019-05-07,file-modified-year+filename+year-folder,10,Live From The Path | 2019 E10,local-only,,local,2019/20190507.mp3,2019/20190507.mp3,Master/2019/05/2019-05-07__S2019E010__live-from-the-path-2019-e10.mp3,,
2019,11,2019-05-07,rss,10,A Deep One,rss-only,ep-010-3150559a5d,rss,https://dts.podtrac.com/redirect.mp3/livefromthepath.org/wp-content/uploads/2019/05/2019_Episode10-01-Start.mp3,,Master/2019/05/2019-05-07__S2019E011__a-deep-one.mp3,Reported episode number differs from date-order sequence,
2019,12,2019-06-06,rss,11,Interview with Zebedee,confirmed,ep-011-aafe9f7862,rss,https://dts.podtrac.com/redirect.mp3/livefromthepath.org/wp-content/uploads/2019/06/2019_episode11-1.mp3,2019/2019_episode11.mp3,Master/2019/06/2019-06-06__S2019E012__interview-with-zebedee.mp3,Reported episode number differs from date-order sequence,
2019,13,2019-06-06,rss,12,40 and Out,confirmed,ep-012-cb0a23e97d,rss,https://dts.podtrac.com/redirect.mp3/livefromthepath.org/wp-content/uploads/2019/06/2019_episode12-1.mp3,2019/2019_episode12.mp3,Master/2019/06/2019-06-06__S2019E013__40-and-out.mp3,Reported episode number differs from date-order sequence,
2019,14,2019-06-11,rss,13,Don’t Wet Your Pants,confirmed,ep-013-ed39b95a2c,rss,https://dts.podtrac.com/redirect.mp3/livefromthepath.org/wp-content/uploads/2019/06/20190610.mp3,2019/20190610.mp3,Master/2019/06/2019-06-11__S2019E014__don-t-wet-your-pants.mp3,Reported episode number differs from date-order sequence,
2019,15,2019-07-01,file-modified-year+filename+year-folder,14,Live From The Path | 2019 E14,local-only,,local,2019/20190701.mp3,2019/20190701.mp3,Master/2019/07/2019-07-01__S2019E015__live-from-the-path-2019-e14.mp3,Reported episode number differs from date-order sequence,
2019,16,2019-07-02,rss,14,The 104th Psalm,rss-only,ep-014-6e6314d867,rss,https://dts.podtrac.com/redirect.mp3/media.livefromthepath.org/wp-content/uploads/remastered/2019/07/20190701-1.mp3,,Master/2019/07/2019-07-02__S2019E016__the-104th-psalm.mp3,Reported episode number differs from date-order sequence,
2019,17,2019-07-09,rss,15,Zimbobster,confirmed,ep-015-2f70936ed3,rss,https://dts.podtrac.com/redirect.mp3/media.livefromthepath.org/wp-content/uploads/remastered/2019/07/20190708.mp3,2019/20190708.mp3,Master/2019/07/2019-07-09__S2019E017__zimbobster.mp3,Reported episode number differs from date-order sequence,
2019,18,2019-08-05,rss,15,People Who Don’t Know Pat Sajack,confirmed,ep-015-ab8db5a908,rss,https://dts.podtrac.com/redirect.mp3/livefromthepath.org/wp-content/uploads/2019/07/20190723.mp3,2019/20190723.mp3,Master/2019/08/2019-08-05__S2019E018__people-who-don-t-know-pat-sajack.mp3,Reported episode number differs from date-order sequence,
2019,19,2019-08-08,rss,14,Methodist Lutheran Baptist,confirmed,ep-014-49f73e8141,rss,https://dts.podtrac.com/redirect.mp3/livefromthepath.org/wp-content/uploads/2019/08/20190805.mp3,2019/20190805.mp3,Master/2019/08/2019-08-08__S2019E019__methodist-lutheran-baptist.mp3,Reported episode number differs from date-order sequence,
2019,20,2019-08-20,rss,18,Scrub Your Yellas,confirmed,ep-018-5564d74bee,rss,https://dts.podtrac.com/redirect.mp3/livefromthepath.org/wp-content/uploads/2019/08/20190820.mp3,2019/20190820.mp3,Master/2019/08/2019-08-20__S2019E020__scrub-your-yellas.mp3,Reported episode number differs from date-order sequence,
2019,21,2019-08-29,rss,19,Does This Holy Spirit Make Me Look Fat?,confirmed,ep-019-a4f76e03f0,rss,https://dts.podtrac.com/redirect.mp3/livefromthepath.org/wp-content/uploads/2019/08/20190826.mp3,2019/20190826.mp3,Master/2019/08/2019-08-29__S2019E021__does-this-holy-spirit-make-me-look-fat.mp3,Reported episode number differs from date-order sequence,
2019,22,2019-09-03,file-modified-year+filename+year-folder,20,Live From The Path | 2019 E20,local-only,,local,2019/20190903.mp3,2019/20190903.mp3,Master/2019/09/2019-09-03__S2019E022__live-from-the-path-2019-e20.mp3,Reported episode number differs from date-order sequence,
2019,23,2019-09-03,rss,20,Fascinating or Not Fascinating,rss-only,ep-020-95275f9721,rss,https://dts.podtrac.com/redirect.mp3/media.livefromthepath.org/wp-content/uploads/remastered/2019/09/20190903-1.mp3,,Master/2019/09/2019-09-03__S2019E023__fascinating-or-not-fascinating.mp3,Reported episode number differs from date-order sequence,
2019,24,2019-09-24,rss,21,Friends in Muslim Places,confirmed,ep-021-166616bb61,rss,https://dts.podtrac.com/redirect.mp3/media.livefromthepath.org/wp-content/uploads/remastered/2019/09/20190923.mp3,2019/20190923.mp3,Master/2019/09/2019-09-24__S2019E024__friends-in-muslim-places.mp3,Reported episode number differs from date-order sequence,
2019,25,2019-10-15,rss,22,And Then I Got High,confirmed,ep-022-a2192b5dfc,rss,https://dts.podtrac.com/redirect.mp3/livefromthepath.org/wp-content/uploads/2019/10/20191014-1.mp3,2019/20191014.mp3,Master/2019/10/2019-10-15__S2019E025__and-then-i-got-high.mp3,Reported episode number differs from date-order sequence,
2019,26,2019-10-22,rss,23,Trigger Me This,confirmed,ep-023-a974e2f6dd,rss,https://dts.podtrac.com/redirect.mp3/livefromthepath.org/wp-content/uploads/2019/10/20191021.mp3,2019/20191021.mp3,Master/2019/10/2019-10-22__S2019E026__trigger-me-this.mp3,Reported episode number differs from date-order sequence,
2019,27,2019-11-05,file-modified-year+filename+year-folder,24,Live From The Path | 2019 E24,local-only,,local,2019/20191105.mp3,2019/20191105.mp3,Master/2019/11/2019-11-05__S2019E027__live-from-the-path-2019-e24.mp3,Reported episode number differs from date-order sequence,
2019,28,2019-11-05,rss,24,August Guns,rss-only,ep-024-5b8f5f25fd,rss,https://dts.podtrac.com/redirect.mp3/media.livefromthepath.org/wp-content/uploads/remastered/2019/11/20191105-1.mp3,,Master/2019/11/2019-11-05__S2019E028__august-guns.mp3,Reported episode number differs from date-order sequence,
2019,29,2019-11-12,rss,25,"Moving Chan, Creeper Crist, and Pulpit Bullies",confirmed,ep-025-79c7c092dc,rss,https://dts.podtrac.com/redirect.mp3/livefromthepath.org/wp-content/uploads/2019/11/20191111.mp3,2019/20191111.mp3,Master/2019/11/2019-11-12__S2019E029__moving-chan-creeper-crist-and-pulpit-bullies.mp3,Reported episode number differs from date-order sequence,
2019,30,2019-11-22,rss,26,"At Me, Bro",confirmed,ep-026-5e286bca88,rss,https://dts.podtrac.com/redirect.mp3/livefromthepath.org/wp-content/uploads/2019/11/20191118.mp3,2019/20191118.mp3,Master/2019/11/2019-11-22__S2019E030__at-me-bro.mp3,Reported episode number differs from date-order sequence,
2019,31,2019-11-29,rss,27,Renewing Deuces and Fearing God,confirmed,ep-027-62c6a01609,rss,https://dts.podtrac.com/redirect.mp3/livefromthepath.org/wp-content/uploads/2019/11/20191125x.mp3,2019/20191125x.mp3,Master/2019/11/2019-11-29__S2019E031__renewing-deuces-and-fearing-god.mp3,Reported episode number differs from date-order sequence,
2019,32,2019-12-10,rss,28,Allie Crummy and Video Game Jesus,confirmed,ep-028-a7c3a62f14,rss,https://dts.podtrac.com/redirect.mp3/livefromthepath.org/wp-content/uploads/2019/12/20191209-1.mp3,2019/20191209.mp3,Master/2019/12/2019-12-10__S2019E032__allie-crummy-and-video-game-jesus.mp3,Reported episode number differs from date-order sequence,
2019,33,2019-12-24,rss,29,Impeachment and the Pat Brigade,confirmed,ep-029-ee66008231,rss,https://dts.podtrac.com/redirect.mp3/livefromthepath.org/wp-content/uploads/2019/12/20191223.mp3,2019/20191223.mp3,Master/2019/12/2019-12-24__S2019E033__impeachment-and-the-pat-brigade.mp3,Reported episode number differs from date-order sequence,
2019,34,2019-12-31,rss,30,Pastor Prints Face on Panties: A Rebuke in Three Parts,confirmed,ep-030-349c1adcde,rss,https://dts.podtrac.com/redirect.mp3/livefromthepath.org/wp-content/uploads/2019/12/20191230.mp3,2019/20191230.mp3,Master/2019/12/2019-12-31__S2019E034__pastor-prints-face-on-panties-a-rebuke-in-three-parts.mp3,Reported episode number differs from date-order sequence,
2020,1,2020-01-07,rss,1,They Let Us On Legit Radio,rss-only,ep-001-da8037a25c,rss,https://dts.podtrac.com/redirect.mp3/livefromthepath.org/wp-content/uploads/2020/01/20200106-1.mp3,,Master/2020/01/2020-01-07__S2020E001__they-let-us-on-legit-radio.mp3,,
2020,2,2020-01-14,rss,2,More Generous Than Las Vegas,rss-only,ep-002-0dc650cdf0,rss,https://dts.podtrac.com/redirect.mp3/livefromthepath.org/wp-content/uploads/2020/01/20200113.mp3,,Master/2020/01/2020-01-14__S2020E002__more-generous-than-las-vegas.mp3,,
2020,3,2020-01-21,rss,3,Interview: Phillip Ramsey with Uncommon Wealth Partners,confirmed,ep-003-9aa3463f65,rss,https://dts.podtrac.com/redirect.mp3/livefromthepath.org/wp-content/uploads/2020/01/20200121.mp3,2020/20200121.mp3,Master/2020/01/2020-01-21__S2020E003__interview-phillip-ramsey-with-uncommon-wealth-partners.mp3,,
2020,4,2020-02-04,rss,4,"Tunes with Jeff Arrandale, Prodigal Junk, and Drifting Families",confirmed,ep-004-cbba742eff,rss,https://dts.podtrac.com/redirect.mp3/livefromthepath.org/wp-content/uploads/2020/02/02032020.mp3,2020/02032020.mp3,Master/2020/02/2020-02-04__S2020E004__tunes-with-jeff-arrandale-prodigal-junk-and-drifting-families.mp3,,
2020,5,2020-02-18,rss,5,How the Church is Solving Every Modern Problem Incorrectly,confirmed,ep-005-edaf521aae,rss,https://dts.podtrac.com/redirect.mp3/livefromthepath.org/wp-content/uploads/2020/02/20200217.mp3,2020/20200217.mp3,Master/2020/02/2020-02-18__S2020E005__how-the-church-is-solving-every-modern-problem-incorrectly.mp3,,
2020,6,2020-03-03,rss,6,Pet Pastoring and Confounded on Dear LFTP,confirmed,ep-006-94b44e3702,rss,https://dts.podtrac.com/redirect.mp3/livefromthepath.org/wp-content/uploads/2020/03/20200302.mp3,2020/20200302.mp3,Master/2020/03/2020-03-03__S2020E006__pet-pastoring-and-confounded-on-dear-lftp.mp3,,
2020,7,2020-03-11,rss,7,Interview with Blake Stanley with BLDR Apparel,confirmed,ep-007-68e6890a49,rss,https://dts.podtrac.com/redirect.mp3/livefromthepath.org/wp-content/uploads/2020/03/20200309.mp3,2020/20200309.mp3,Master/2020/03/2020-03-11__S2020E007__interview-with-blake-stanley-with-bldr-apparel.mp3,,
2020,8,2020-03-17,rss,8,Thus It Begins…COVID,confirmed,ep-008-516f3d4521,rss,https://dts.podtrac.com/redirect.mp3/livefromthepath.org/wp-content/uploads/2020/03/20200316.mp3,2020/20200316.mp3,Master/2020/03/2020-03-17__S2020E008__thus-it-begins-covid.mp3,,
2020,9,2020-03-24,rss,9,COVID Continues and Easter at Home,confirmed,ep-009-7115bbcf9f,rss,https://dts.podtrac.com/redirect.mp3/livefromthepath.org/wp-content/uploads/2020/03/20200323_E09.mp3,2020/20200323_E09.mp3,Master/2020/03/2020-03-24__S2020E009__covid-continues-and-easter-at-home.mp3,,
2020,10,2020-03-31,rss,10,Ineffective Conspiracies and Monday Morning Christians,confirmed,ep-010-9d77e0e934,rss,https://dts.podtrac.com/redirect.mp3/livefromthepath.org/wp-content/uploads/2020/03/20200330_E10.mp3,2020/20200330_E10.mp3,Master/2020/03/2020-03-31__S2020E010__ineffective-conspiracies-and-monday-morning-christians.mp3,,
2020,11,2020-04-08,rss,12,"Online COVID Church, Creepy Copeland, Advice",confirmed,ep-012-de042d21cd,rss,https://dts.podtrac.com/redirect.mp3/livefromthepath.org/wp-content/uploads/2020/04/20200406_E11.mp3,2020/20200406_E11.mp3,Master/2020/04/2020-04-08__S2020E011__online-covid-church-creepy-copeland-advice.mp3,Reported episode number differs from date-order sequence,
2020,12,2020-04-14,rss,12,It’s OK to Stay Home,confirmed,ep-012-e8ee702ddc,rss,https://dts.podtrac.com/redirect.mp3/livefromthepath.org/wp-content/uploads/2020/04/20200413_E12.mp3,2020/20200413_E12.mp3,Master/2020/04/2020-04-14__S2020E012__it-s-ok-to-stay-home.mp3,,
2020,13,2020-04-21,rss,13,Little Things and Greeting Cards to Jesus,confirmed,ep-013-e5d8e8e9e0,rss,https://dts.podtrac.com/redirect.mp3/livefromthepath.org/wp-content/uploads/2020/04/20200420_E13.mp3,2020/20200420_E13.mp3,Master/2020/04/2020-04-21__S2020E013__little-things-and-greeting-cards-to-jesus.mp3,,
2020,14,2020-04-28,rss,14,The Dumpster Fire,confirmed,ep-014-0a3969672a,rss,https://dts.podtrac.com/redirect.mp3/livefromthepath.org/wp-content/uploads/2020/04/20200427_E14.mp3,2020/20200427_E14.mp3,Master/2020/04/2020-04-28__S2020E014__the-dumpster-fire.mp3,,
2020,15,2020-05-12,rss,15,Reading Revelation Wrong,confirmed,ep-015-ca57d4a9a7,rss,https://dts.podtrac.com/redirect.mp3/livefromthepath.org/wp-content/uploads/2020/05/20200511_E15.mp3,2020/20200511_E15.mp3,Master/2020/05/2020-05-12__S2020E015__reading-revelation-wrong.mp3,,
2020,16,2020-05-19,rss,16,A COVID Debrief,confirmed,ep-016-88360b9263,rss,https://dts.podtrac.com/redirect.mp3/livefromthepath.org/wp-content/uploads/2020/05/20200518_E16.mp3,2020/20200518_E16.mp3,Master/2020/05/2020-05-19__S2020E016__a-covid-debrief.mp3,,
2020,17,2020-05-26,rss,17,Can We Always Be Like Jesus?,confirmed,ep-017-11585e6cc7,rss,https://dts.podtrac.com/redirect.mp3/livefromthepath.org/wp-content/uploads/2020/05/20200525_E17.mp3,2020/20200525_E17.mp3,Master/2020/05/2020-05-26__S2020E017__can-we-always-be-like-jesus.mp3,,
2020,18,2020-06-16,rss,18,"Gone, Gone Boova",confirmed,ep-018-a4173958e2,rss,https://dts.podtrac.com/redirect.mp3/media.livefromthepath.org/wp-content/uploads/remastered/2020/06/20200615_E18d.mp3,2020/20200615_E18d.mp3,Master/2020/06/2020-06-16__S2020E018__gone-gone-boova.mp3,,
2020,19,2020-06-23,rss,19,Super Sign of the End Times,confirmed,ep-019-3caf9a9b81,rss,https://dts.podtrac.com/redirect.mp3/media.livefromthepath.org/wp-content/uploads/remastered/2020/06/20200622_E19.mp3,2020/20200622_E19.mp3,Master/2020/06/2020-06-23__S2020E019__super-sign-of-the-end-times.mp3,,
2020,20,2020-09-01,rss,20,Robert E. Lee Stained Glass & Freeloaders,rss-only,ep-020-bc7b2d8eaa,rss,https://dts.podtrac.com/redirect.mp3/media.livefromthepath.org/wp-content/uploads/remastered/2020/09/20200831.mp3,,Master/2020/09/2020-09-01__S2020E020__robert-e-lee-stained-glass-freeloaders.mp3,,
2020,21,2020-10-04,rss,21,Interview with Eddie Andrews,confirmed,ep-021-1134aadbc3,rss,https://dts.podtrac.com/redirect.mp3/media.livefromthepath.org/wp-content/uploads/remastered/2020/10/2020_LFTP_Episode21.mp3,2020/2020_LFTP_Episode21.mp3,Master/2020/10/2020-10-04__S2020E021__interview-with-eddie-andrews.mp3,,
2020,22,2020-10-04,rss,22,Dudes Are Prone to Buffoonery,confirmed,ep-022-6fc367f70f,rss,https://dts.podtrac.com/redirect.mp3/media.livefromthepath.org/wp-content/uploads/remastered/2020/10/20200921_LFTP_Episode22.mp3,2020/20200921_LFTP_Episode22.mp3,Master/2020/10/2020-10-04__S2020E022__dudes-are-prone-to-buffoonery.mp3,,
2020,23,2020-10-07,rss,23,Reviewing Sermons from America’s Largest Churches,confirmed,ep-023-d0d4e17de4,rss,https://dts.podtrac.com/redirect.mp3/media.livefromthepath.org/wp-content/uploads/remastered/2020/10/202010928_Episode23.mp3,2020/202010928_Episode23.mp3,Master/2020/10/2020-10-07__S2020E023__reviewing-sermons-from-america-s-largest-churches.mp3,,
2020,24,2020-10-07,rss,24,"Ghosts, Humility and Bad Memories",confirmed,ep-024-582dc5fb98,rss,https://dts.podtrac.com/redirect.mp3/media.livefromthepath.org/wp-content/uploads/remastered/2020/10/20201005_Episode24.mp3,2020/20201005_Episode24.mp3,Master/2020/10/2020-10-07__S2020E024__ghosts-humility-and-bad-memories.mp3,,
2020,25,2020-10-14,rss,25,Youngsters and Hawk Nelson are Bailing on Jesus,confirmed,ep-025-932de0c91f,rss,https://dts.podtrac.com/redirect.mp3/media.livefromthepath.org/wp-content/uploads/remastered/2020/10/20201012_Episode25_3.mp3,2020/20201013_Episode24_2.mp3,Master/2020/10/2020-10-14__S2020E025__youngsters-and-hawk-nelson-are-bailing-on-jesus.mp3,,
2020,26,2020-11-06,rss,26,"Motivational Monday – Prayer Cubes, Justice and Consequences",confirmed,ep-026-fe19659488,rss,https://dts.podtrac.com/redirect.mp3/media.livefromthepath.org/wp-content/uploads/remastered/2020/11/20201106_Episode26.mp3,2020/20201102_Episode26.mp3,Master/2020/11/2020-11-06__S2020E026__motivational-monday-prayer-cubes-justice-and-consequences.mp3,,
2020,27,2020-12-08,rss,27,Interview with Sean Covington,confirmed,ep-027-3b90aa89b3,rss,https://dts.podtrac.com/redirect.mp3/media.livefromthepath.org/wp-content/uploads/remastered/2020/12/20201130_E27.mp3,2020/20201130_E27.mp3,Master/2020/12/2020-12-08__S2020E027__interview-with-sean-covington.mp3,,
2020,28,2020-12-08,rss,28,Top Bible Searches of 2020,confirmed,ep-028-a131f06034,rss,https://dts.podtrac.com/redirect.mp3/media.livefromthepath.org/wp-content/uploads/remastered/2020/12/20201207_E28.mp3,2020/20201207_E28.mp3,Master/2020/12/2020-12-08__S2020E028__top-bible-searches-of-2020.mp3,,
2020,29,2020-12-16,rss,29,"Election Stuff, Reluctantly",confirmed,ep-029-0e6d00e75f,rss,https://dts.podtrac.com/redirect.mp3/media.livefromthepath.org/wp-content/uploads/remastered/2020/12/20201214_episode29.mp3,2020/20201214_episode29.mp3,Master/2020/12/2020-12-16__S2020E029__election-stuff-reluctantly.mp3,,
2020,30,,unresolved,19,Live From The Path | 2020 E19,local-only,,local,2020/Untitled.mp3,2020/Untitled.mp3,Master/2020/00-unknown-date/2020-00-00__S2020E030__live-from-the-path-2020-e19.mp3,Reported episode number differs from date-order sequence,Exact episode date unresolved
2021,1,2021-01-05,rss,1,Back to Basics,confirmed,ep-001-ee04ef647e,rss,https://dts.podtrac.com/redirect.mp3/livefromthepath.org/wp-content/uploads/2021/01/20210104_Episode01.mp3,2021/20210104_Episode01.mp3,Master/2021/01/2021-01-05__S2021E001__back-to-basics.mp3,,
2021,2,2021-01-12,rss,2,What Christians Do in a Divided Country,confirmed,ep-002-2118481794,rss,https://dts.podtrac.com/redirect.mp3/media.livefromthepath.org/wp-content/uploads/remastered/2021/01/20210111_Episode02.mp3,2021/20210111_Episode02.mp3,Master/2021/01/2021-01-12__S2021E002__what-christians-do-in-a-divided-country.mp3,,
2021,3,2021-01-19,rss,3,"Jesus, Technology and Persecution",confirmed,ep-003-96b68e09e5,rss,https://dts.podtrac.com/redirect.mp3/livefromthepath.org/wp-content/uploads/2021/01/20210118_Episode03.mp3,2021/20210118_Episode03.mp3,Master/2021/01/2021-01-19__S2021E003__jesus-technology-and-persecution.mp3,,
2021,4,2021-02-02,rss,4,2021 Episode 04,confirmed,ep-004-45e62a9c7c,rss,https://dts.podtrac.com/redirect.mp3/livefromthepath.org/wp-content/uploads/2021/02/20210201_Episode04.mp3,2021/20210201_Episode04.mp3,Master/2021/02/2021-02-02__S2021E004__2021-episode-04.mp3,,
2021,5,2021-02-09,rss,5,When Culture Lacks Objective Reality,confirmed,ep-005-5180f31b43,rss,https://dts.podtrac.com/redirect.mp3/livefromthepath.org/wp-content/uploads/2021/02/20210208_Episode05.mp3,2021/20210208_Episode05.mp3,Master/2021/02/2021-02-09__S2021E005__when-culture-lacks-objective-reality.mp3,,
2021,6,2021-03-16,rss,6,Love Does,confirmed,ep-006-a4abe8c7c2,rss,https://dts.podtrac.com/redirect.mp3/media.livefromthepath.org/wp-content/uploads/remastered/2021/03/20210315_Episode06.mp3,2021/20210315_Episode06.mp3,Master/2021/03/2021-03-16__S2021E006__love-does.mp3,,
2021,7,2021-03-31,rss,7,Confidence in the Holy Spirit,confirmed,ep-007-8814798e75,rss,https://dts.podtrac.com/redirect.mp3/media.livefromthepath.org/wp-content/uploads/remastered/2021/03/20210329_Episode07.mp3,2021/20210329_Episode07.mp3,Master/2021/03/2021-03-31__S2021E007__confidence-in-the-holy-spirit.mp3,,
2021,8,2021-04-20,rss,8,Wasting Time & Leaving Christianity,confirmed,ep-008-700c9bd81b,rss,https://dts.podtrac.com/redirect.mp3/media.livefromthepath.org/wp-content/uploads/remastered/2021/04/20210412_Episode08.mp3,2021/20210412_Episode08.mp3,Master/2021/04/2021-04-20__S2021E008__wasting-time-leaving-christianity.mp3,,
2021,9,2021-04-27,rss,9,Old Church Ideas,confirmed,ep-009-efddf5d48e,rss,https://dts.podtrac.com/redirect.mp3/media.livefromthepath.org/wp-content/uploads/remastered/2021/04/20210426_Episode09.mp3,2021/20210426_Episode09.mp3,Master/2021/04/2021-04-27__S2021E009__old-church-ideas.mp3,,
2021,10,2021-05-04,rss,10,Following the American Jesus,confirmed,ep-010-df64a38622,rss,https://dts.podtrac.com/redirect.mp3/livefromthepath.org/wp-content/uploads/2021/05/20210503_Episode10.mp3,2021/20210503_Episode10.mp3,Master/2021/05/2021-05-04__S2021E010__following-the-american-jesus.mp3,,
2021,11,2021-06-22,rss,11,Sober Soldierz,confirmed,ep-011-74b5913a9f,rss,https://dts.podtrac.com/redirect.mp3/livefromthepath.org/wp-content/uploads/2021/06/2021_Episode11.mp3,2021/2021_Episode11.mp3,Master/2021/06/2021-06-22__S2021E011__sober-soldierz.mp3,,
2021,12,2021-06-22,rss,12,Advice Only,confirmed,ep-012-a784084536,rss,https://dts.podtrac.com/redirect.mp3/livefromthepath.org/wp-content/uploads/2021/06/2021_Episode12.mp3,2021/2021_Episode12.mp3,Master/2021/06/2021-06-22__S2021E012__advice-only.mp3,,
2021,13,2021-06-23,rss,13,Participating in God’s Will and other sundry advice,confirmed,ep-013-cb17691125,rss,https://dts.podtrac.com/redirect.mp3/livefromthepath.org/wp-content/uploads/2021/06/2021_Episode13.mp3,2021/2021_Episode13.mp3,Master/2021/06/2021-06-23__S2021E013__participating-in-god-s-will-and-other-sundry-advice.mp3,,
2021,14,2021-06-23,rss,14,The Heavy,confirmed,ep-014-93b25ad8a9,rss,https://dts.podtrac.com/redirect.mp3/livefromthepath.org/wp-content/uploads/2021/06/2021_Episode14.mp3,2021/2021_Episode14.mp3,Master/2021/06/2021-06-23__S2021E014__the-heavy.mp3,,
2021,15,2021-07-19,rss,15,Rebuilding Tower of Babel,rss-only,ep-015-e04ab2e09a,rss,https://dts.podtrac.com/redirect.mp3/livefromthepath.org/wp-content/uploads/2021/07/2021_Episode15.mp3,,Master/2021/07/2021-07-19__S2021E015__rebuilding-tower-of-babel.mp3,,
2021,16,2021-07-19,file-modified-year+filename+year-folder,,,local-only,,local,2021/2021-07-19 21-52-17.mp3,2021/2021-07-19 21-52-17.mp3,Master/2021/07/2021-07-19__S2021E016__episode.mp3,Title missing from embedded metadata,
2021,17,2021-07-26,file-modified-year+filename+year-folder,,,local-only,,local,2021/2021-07-26 21-37-15.mp3,2021/2021-07-26 21-37-15.mp3,Master/2021/07/2021-07-26__S2021E017__episode.mp3,Title missing from embedded metadata,
2021,18,2021-08-02,rss,16,Failures,confirmed,ep-016-928be66bca,rss,https://dts.podtrac.com/redirect.mp3/livefromthepath.org/wp-content/uploads/2021/08/2021_Episode16.mp3,2021/2021_Episode16.mp3,Master/2021/08/2021-08-02__S2021E018__failures.mp3,Reported episode number differs from date-order sequence,
2021,19,2021-08-02,rss,17,Rejuvenating Prayer,confirmed,ep-017-fbfd462e64,rss,https://dts.podtrac.com/redirect.mp3/livefromthepath.org/wp-content/uploads/2021/08/2021_Episode17.mp3,2021/2021_Episode17.mp3,Master/2021/08/2021-08-02__S2021E019__rejuvenating-prayer.mp3,Reported episode number differs from date-order sequence,
2021,20,2021-08-09,rss,18,Acting When God Speaks,confirmed,ep-018-4ec8eba2b3,rss,https://dts.podtrac.com/redirect.mp3/livefromthepath.org/wp-content/uploads/2021/08/2021_Episode18.mp3,2021/2021_Episode18.mp3,Master/2021/08/2021-08-09__S2021E020__acting-when-god-speaks.mp3,Reported episode number differs from date-order sequence,
2021,21,2021-08-10,rss,19,What Is Truth?,confirmed,ep-019-4a705e8a64,rss,https://dts.podtrac.com/redirect.mp3/livefromthepath.org/wp-content/uploads/2021/08/2021_Episode19-1.mp3,2021/2021_Episode19-1.mp3,Master/2021/08/2021-08-10__S2021E021__what-is-truth.mp3,Reported episode number differs from date-order sequence,
2021,22,2021-08-18,rss,20,Redeem or Reject,confirmed,ep-020-295a5a9bf9,rss,https://dts.podtrac.com/redirect.mp3/livefromthepath.org/wp-content/uploads/2021/08/2021_Episode20.mp3,2021/2021_Episode20.mp3,Master/2021/08/2021-08-18__S2021E022__redeem-or-reject.mp3,Reported episode number differs from date-order sequence,
2021,23,2021-08-30,rss,21,"Right Thing, Wrong Way",confirmed,ep-021-d03985d96d,rss,https://dts.podtrac.com/redirect.mp3/livefromthepath.org/wp-content/uploads/2021/08/2021_Episode21.mp3,2021/2021_Episode21_RAW.mp3,Master/2021/08/2021-08-30__S2021E023__right-thing-wrong-way.mp3,Reported episode number differs from date-order sequence,
2021,24,2021-09-16,rss,22,Christians Don’t Understand Christianity,confirmed,ep-022-7dba1a79b2,rss,https://dts.podtrac.com/redirect.mp3/livefromthepath.org/wp-content/uploads/2021/09/2021_Episode22.mp3,,Master/2021/09/2021-09-16__S2021E024__christians-don-t-understand-christianity.mp3,Reported episode number differs from date-order sequence,
2021,25,2021-09-28,rss,23,Cry Me A River…Then Build A Bridge,confirmed,ep-023-75bf0ecc66,rss,https://dts.podtrac.com/redirect.mp3/livefromthepath.org/wp-content/uploads/2021/09/2021_Episode23.mp3,2021/2021_Episode23_RAW.mp3,Master/2021/09/2021-09-28__S2021E025__cry-me-a-river-then-build-a-bridge.mp3,Reported episode number differs from date-order sequence,
2021,26,2021-10-11,rss,24,Fake Persecution and Tripping Millennials,rss-only,ep-024-3889be2247,rss,https://dts.podtrac.com/redirect.mp3/livefromthepath.org/wp-content/uploads/2021/10/2021_Episode24.mp3,,Master/2021/10/2021-10-11__S2021E026__fake-persecution-and-tripping-millennials.mp3,Reported episode number differs from date-order sequence,
2021,27,2021-10-11,file-modified-year+filename+year-folder,,,local-only,,local,2021/2021-10-11 22-05-59.mp3,2021/2021-10-11 22-05-59.mp3,Master/2021/10/2021-10-11__S2021E027__episode.mp3,Title missing from embedded metadata,
2021,28,2021-10-25,file-modified-year+filename+year-folder,,,local-only,,local,2021/2021-10-25 22-18-25.mp3,2021/2021-10-25 22-18-25.mp3,Master/2021/10/2021-10-25__S2021E028__episode.mp3,Title missing from embedded metadata,
2021,29,2021-10-28,rss,25,Fresh Perspectives,rss-only,ep-025-873766838a,rss,https://dts.podtrac.com/redirect.mp3/livefromthepath.org/wp-content/uploads/2021/10/2021_Episode25.mp3,,Master/2021/10/2021-10-28__S2021E029__fresh-perspectives.mp3,Reported episode number differs from date-order sequence,
2021,30,2021-10-28,rss,26,Being a Tool for Halloween,rss-only,ep-026-e740f84b75,rss,https://dts.podtrac.com/redirect.mp3/livefromthepath.org/wp-content/uploads/2021/10/2021_Episode26.mp3,,Master/2021/10/2021-10-28__S2021E030__being-a-tool-for-halloween.mp3,Reported episode number differs from date-order sequence,
2021,31,2021-11-01,file-modified-year+filename+year-folder,,,local-only,,local,2021/2021-11-01 21-56-42.mp3,2021/2021-11-01 21-56-42.mp3,Master/2021/11/2021-11-01__S2021E031__episode.mp3,Title missing from embedded metadata,
2021,32,2021-11-08,file-modified-year+filename+year-folder,,,confirmed,,local,2021/2021-11-08 21-34-14-converted.mp3,2021/2021-11-08 21-34-14-converted.mp3,Master/2021/11/2021-11-08__S2021E032__episode.mp3,Title missing from embedded metadata,
2021,33,2021-11-20,rss,27,Go Fund Thee,rss-only,ep-027-326fe7ac8e,rss,https://dts.podtrac.com/redirect.mp3/livefromthepath.org/wp-content/uploads/2021/11/2021_Episode27.mp3,,Master/2021/11/2021-11-20__S2021E033__go-fund-thee.mp3,Reported episode number differs from date-order sequence,
2021,34,2021-12-08,rss,28,Mississippi Don’t Push,rss-only,ep-028-09bf1b1852,rss,https://dts.podtrac.com/redirect.mp3/livefromthepath.org/wp-content/uploads/2021/12/2021_Episode28-01-Start.mp3,,Master/2021/12/2021-12-08__S2021E034__mississippi-don-t-push.mp3,Reported episode number differs from date-order sequence,
2021,35,2021-12-08,rss,29,Good News of Narrow Focus,confirmed,ep-029-fb2becc8a8,rss,https://dts.podtrac.com/redirect.mp3/livefromthepath.org/wp-content/uploads/2021/12/2021_Episode29-01-Start.mp3,2021/2021-12-06 21-29-21-converted.mp3,Master/2021/12/2021-12-08__S2021E035__good-news-of-narrow-focus.mp3,Reported episode number differs from date-order sequence,
2021,36,2021-12-20,rss,30,False Teachers and Freeloaders,confirmed,ep-030-2c550e4621,rss,https://dts.podtrac.com/redirect.mp3/livefromthepath.org/wp-content/uploads/2021/12/2021_Episode30-01-Start.mp3,2021/2021_Episode30.mp3,Master/2021/12/2021-12-20__S2021E036__false-teachers-and-freeloaders.mp3,Reported episode number differs from date-order sequence,
2021,37,2021-12-27,rss,31,Whispering Diesel,confirmed,ep-031-97572b2871,rss,https://dts.podtrac.com/redirect.mp3/livefromthepath.org/wp-content/uploads/2021/12/2021_Episode31.mp3,2021/20211220_Episode31.mp3,Master/2021/12/2021-12-27__S2021E037__whispering-diesel.mp3,Reported episode number differs from date-order sequence,
2022,1,2022-01-04,rss,1,"Read, Protect, and Complain About Your Husband",confirmed,ep-001-9323a1ada2,rss,https://dts.podtrac.com/redirect.mp3/livefromthepath.org/wp-content/uploads/2022/01/2022_Episode01.mp3,2022/2022_Episode01.mp3,Master/2022/01/2022-01-04__S2022E001__read-protect-and-complain-about-your-husband.mp3,,
2022,2,2022-02-07,rss,2,"Don’t Spit On Folk, Among Other Wisdom",rss-only,ep-002-f33dbb81fb,rss,https://dts.podtrac.com/redirect.mp3/livefromthepath.org/wp-content/uploads/2022/02/2022_Episode02.mp3,,Master/2022/02/2022-02-07__S2022E002__don-t-spit-on-folk-among-other-wisdom.mp3,,
2022,3,2022-02-07,rss,3,Just Do It,rss-only,ep-003-87be897d60,rss,https://dts.podtrac.com/redirect.mp3/livefromthepath.org/wp-content/uploads/2022/02/2022_Episode03.mp3,,Master/2022/02/2022-02-07__S2022E003__just-do-it.mp3,,
2022,4,2022-03-03,rss,4,House Church Trouble in Olympic China,confirmed,ep-004-520b10a65f,rss,https://dts.podtrac.com/redirect.mp3/livefromthepath.org/wp-content/uploads/2022/03/2022_Episode04.mp3,2022/2022_Episode04.mp3,Master/2022/03/2022-03-03__S2022E004__house-church-trouble-in-olympic-china.mp3,,
2022,5,2022-03-15,rss,5,12 to 13 Mistakes From Wildin,confirmed,ep-005-ba147a8b5d,rss,https://dts.podtrac.com/redirect.mp3/livefromthepath.org/wp-content/uploads/2022/03/2022_Episode05.mp3,2022/2022_Episode05.mp3,Master/2022/03/2022-03-15__S2022E005__12-to-13-mistakes-from-wildin.mp3,,
2022,6,2022-03-28,rss,6,Things We Don’t Want to Talk About,confirmed,ep-006-b418668d5b,rss,https://dts.podtrac.com/redirect.mp3/livefromthepath.org/wp-content/uploads/2022/03/2022_Episode06-1.mp3,2022/2022_Episode06.mp3,Master/2022/03/2022-03-28__S2022E006__things-we-don-t-want-to-talk-about.mp3,,
2022,7,2022-04-04,rss,7,14 to 25 Mistakes From Wildin’,confirmed,ep-007-6958a2d9cc,rss,https://dts.podtrac.com/redirect.mp3/livefromthepath.org/wp-content/uploads/2022/04/2022_Episode07.mp3,2022/2022_Episode07.mp3,Master/2022/04/2022-04-04__S2022E007__14-to-25-mistakes-from-wildin.mp3,,
2022,8,2022-04-04,rss,8,"Acid, Stupidity and Russia",confirmed,ep-008-0668d205b8,rss,https://dts.podtrac.com/redirect.mp3/livefromthepath.org/wp-content/uploads/2022/04/2022_Episode08.mp3,2022/2022_Episode08.mp3,Master/2022/04/2022-04-04__S2022E008__acid-stupidity-and-russia.mp3,,
2022,9,2022-04-06,rss,9,Jesus and the Metaverse,confirmed,ep-009-d11e6707cb,rss,https://dts.podtrac.com/redirect.mp3/livefromthepath.org/wp-content/uploads/2022/04/2022_Episode09_468.mp3,2022/2022_Episode09_468.mp3,Master/2022/04/2022-04-06__S2022E009__jesus-and-the-metaverse.mp3,,
2022,10,2022-04-26,rss,10,Getting Kids to Stick With Jesus,confirmed,ep-010-cf9f135ea8,rss,https://dts.podtrac.com/redirect.mp3/livefromthepath.org/wp-content/uploads/2022/04/2022_Episode10_469.mp3,2022/2022_Episode10_469.mp3,Master/2022/04/2022-04-26__S2022E010__getting-kids-to-stick-with-jesus.mp3,,
2022,11,2022-05-16,rss,11,Buying International Locusts,confirmed,ep-011-c2cb878d4b,rss,https://dts.podtrac.com/redirect.mp3/livefromthepath.org/wp-content/uploads/2022/05/2022_Episode11_470-01-Start.mp3,2022/2022_Episode11_470 - 01 Start.mp3,Master/2022/05/2022-05-16__S2022E011__buying-international-locusts.mp3,,
2022,12,2022-05-25,rss,12,Put Your Name On It,confirmed,ep-012-871b36c8f7,rss,https://dts.podtrac.com/redirect.mp3/livefromthepath.org/wp-content/uploads/2022/05/2022_Episode12_471-01-Start.mp3,2022/2022_Episode12_471 - 01 Start.mp3,Master/2022/05/2022-05-25__S2022E012__put-your-name-on-it.mp3,,
2022,13,2022-05-25,rss,13,Cults May Be Wonderful,confirmed,ep-013-40bb7e1d1a,rss,https://dts.podtrac.com/redirect.mp3/livefromthepath.org/wp-content/uploads/2022/05/2022_Episode13_472-01-Start.mp3,2022/2022_Episode13_472 - 01 Start.mp3,Master/2022/05/2022-05-25__S2022E013__cults-may-be-wonderful.mp3,,
2022,14,2022-06-07,rss,14,We Ate The Locusts,rss-only,ep-014-a17fa9836a,rss,https://dts.podtrac.com/redirect.mp3/livefromthepath.org/wp-content/uploads/2022/06/2022_Episode14_473-01-Start.mp3,,Master/2022/06/2022-06-07__S2022E014__we-ate-the-locusts.mp3,,
2022,15,2022-06-30,rss,15,Turned Over Not Over,rss-only,ep-015-dd47af5278,rss,https://dts.podtrac.com/redirect.mp3/livefromthepath.org/wp-content/uploads/2022/06/2022_Episode15_474-01-Start.mp3,,Master/2022/06/2022-06-30__S2022E015__turned-over-not-over.mp3,,
2022,16,2022-08-01,rss,16,The Next Reformation,confirmed,ep-016-00b40c97f5,rss,https://dts.podtrac.com/redirect.mp3/livefromthepath.org/wp-content/uploads/2022/07/2022_Episode16_475-01-Start.mp3,2022/2022_Episode16_475 - 01 Start.mp3,Master/2022/08/2022-08-01__S2022E016__the-next-reformation.mp3,,
2022,17,2022-08-04,rss,17,Two Claps and a Ric Flair,confirmed,ep-017-703b260a59,local-recovery,2022/2022_Episode17_476 - 01 Start.mp3,2022/2022_Episode17_476 - 01 Start.mp3,Master/2022/08/2022-08-04__S2022E017__two-claps-and-a-ric-flair.mp3,,
2022,18,2022-08-15,rss,18,Changing Teams,confirmed,ep-018-70018d4bee,rss,https://dts.podtrac.com/redirect.mp3/media.livefromthepath.org/wp-content/uploads/remastered/2022/08/2022-Episode-18.mp3,2022/2022_Episode18_477 - 01 Start.mp3,Master/2022/08/2022-08-15__S2022E018__changing-teams.mp3,,
2022,19,2022-08-22,rss,19,Sometimes We Read Stuff,confirmed,ep-019-ee541eb772,rss,https://dts.podtrac.com/redirect.mp3/livefromthepath.org/wp-content/uploads/2022/08/2022_Episode19_478-01-Start.mp3,2022/2022_Episode19_478 - 01 Start.mp3,Master/2022/08/2022-08-22__S2022E019__sometimes-we-read-stuff.mp3,,
2022,20,2022-08-29,rss,20,"Do Something With Your Life, Gordon",confirmed,ep-020-8e23ff96f3,rss,https://dts.podtrac.com/redirect.mp3/livefromthepath.org/wp-content/uploads/2022/08/2022_Episode20_479-01-Start.mp3,,Master/2022/08/2022-08-29__S2022E020__do-something-with-your-life-gordon.mp3,,
2022,21,2022-09-06,rss,21,The Details Are Super Important,confirmed,ep-021-e4a57c3336,rss,https://dts.podtrac.com/redirect.mp3/livefromthepath.org/wp-content/uploads/2022/09/2022_Episode21_480-01-Start.mp3,,Master/2022/09/2022-09-06__S2022E021__the-details-are-super-important.mp3,,
2022,22,2022-09-18,rss,22,"Finding Sin, Missing God",confirmed,ep-022-c4ac1251cc,rss,https://dts.podtrac.com/redirect.mp3/livefromthepath.org/wp-content/uploads/2022/09/2022_Episode22_481-01-Start.mp3,2022/2022Episode22.mp3,Master/2022/09/2022-09-18__S2022E022__finding-sin-missing-god.mp3,,
2022,23,2022-10-03,rss,23,CS Lewis Has Fallen,rss-only,ep-023-8f3620e4f2,rss,https://dts.podtrac.com/redirect.mp3/livefromthepath.org/wp-content/uploads/2022/10/2022_Episode23_482-01-Start.mp3,,Master/2022/10/2022-10-03__S2022E023__cs-lewis-has-fallen.mp3,,
2022,24,2022-10-03,rss,24,"Shofar, Shogood",rss-only,ep-024-1e306a789f,rss,https://dts.podtrac.com/redirect.mp3/livefromthepath.org/wp-content/uploads/2022/10/2022_Episode24_483-01-Start.mp3,,Master/2022/10/2022-10-03__S2022E024__shofar-shogood.mp3,,
2022,25,2022-10-05,rss,25,John Paul Burtch,rss-only,ep-025-25fbab51ce,rss,https://dts.podtrac.com/redirect.mp3/livefromthepath.org/wp-content/uploads/2022/10/2022_Episode25_484-01-Start.mp3,,Master/2022/10/2022-10-05__S2022E025__john-paul-burtch.mp3,,
2022,26,2022-10-11,rss,26,Solving All Your Money Problems,confirmed,ep-026-ad0dfe4309,rss,https://dts.podtrac.com/redirect.mp3/livefromthepath.org/wp-content/uploads/2022/10/2022_Episode26_485-01-Start.mp3,2022/2022Episode26.mp3,Master/2022/10/2022-10-11__S2022E026__solving-all-your-money-problems.mp3,,
2022,27,2022-10-25,rss,27,Youth Initiative,confirmed,ep-027-d45886d289,rss,https://dts.podtrac.com/redirect.mp3/livefromthepath.org/wp-content/uploads/2022/10/2022_Episode27_486-01-Start.mp3,,Master/2022/10/2022-10-25__S2022E027__youth-initiative.mp3,,
2022,28,2022-11-17,rss,28,Turning Around,confirmed,ep-028-865a58cc0c,rss,https://dts.podtrac.com/redirect.mp3/livefromthepath.org/wp-content/uploads/2022/11/2022_Episode28_487-01-Start2.mp3,,Master/2022/11/2022-11-17__S2022E028__turning-around.mp3,,
2022,29,2022-11-17,rss,29,Jesus Cheats,confirmed,ep-029-1d71acc8aa,rss,https://dts.podtrac.com/redirect.mp3/livefromthepath.org/wp-content/uploads/2022/11/2022_Episode29_488-01-Start.mp3,2022/2022_Episode29_488 - 01 Start.mp3,Master/2022/11/2022-11-17__S2022E029__jesus-cheats.mp3,,
2022,30,2022-12-05,rss,30,Ahhh Hell,confirmed,ep-030-63cdcb257e,rss,https://dts.podtrac.com/redirect.mp3/media.livefromthepath.org/wp-content/uploads/remastered/2022/12/2022_Episode30_489-01-Start.mp3,,Master/2022/12/2022-12-05__S2022E030__ahhh-hell.mp3,,
2022,31,2022-12-08,rss,31,The Idol Tannenbaums,confirmed,ep-031-689734d6e1,rss,https://dts.podtrac.com/redirect.mp3/livefromthepath.org/wp-content/uploads/2023/01/2022_Episode31_490-01-Start.mp3,2022/20221205_Episode31.mp3,Master/2022/12/2022-12-08__S2022E031__the-idol-tannenbaums.mp3,,
2022,32,2022-12-26,file-modified-year+filename+year-folder,33,,local-only,,local,2022/20221226_Episode33.mp3,2022/20221226_Episode33.mp3,Master/2022/12/2022-12-26__S2022E032__episode.mp3,Title missing from embedded metadata | Reported episode number differs from date-order sequence,
2022,33,,unresolved,14,2022 Episode 14,local-only,,local,2022/2022_Episode14_473 - 01 Start.mp3,2022/2022_Episode14_473 - 01 Start.mp3,Master/2022/00-unknown-date/2022-00-00__S2022E033__2022-episode-14.mp3,Reported episode number differs from date-order sequence,Exact episode date unresolved
2022,34,,unresolved,32,,local-only,,local,2022/2022_Episode32_Raw.mp3,2022/2022_Episode32_Raw.mp3,Master/2022/00-unknown-date/2022-00-00__S2022E034__episode.mp3,Title missing from embedded metadata | Reported episode number differs from date-order sequence,Exact episode date unresolved
2023,1,2023-01-04,rss,32,Steadfast,rss-only,ep-032-6a39888b33,rss,https://dts.podtrac.com/redirect.mp3/livefromthepath.org/wp-content/uploads/2023/01/2022_Episode32_491-01-Start.mp3,,Master/2023/01/2023-01-04__S2023E001__steadfast.mp3,Reported episode number differs from date-order sequence,
2023,2,2023-01-04,rss,33,Vest is Best,rss-only,ep-033-3933fae042,rss,https://dts.podtrac.com/redirect.mp3/livefromthepath.org/wp-content/uploads/2023/01/2022_Episode33_492-01-Start.mp3,,Master/2023/01/2023-01-04__S2023E002__vest-is-best.mp3,Reported episode number differs from date-order sequence,
2023,3,2023-01-12,rss,1,Sing What You Want,confirmed,ep-001-a5a28108d4,rss,https://dts.podtrac.com/redirect.mp3/livefromthepath.org/wp-content/uploads/2023/01/2023_Episode01-01-Start.mp3,2023/2023_Episode01 - 01 Start.mp3,Master/2023/01/2023-01-12__S2023E003__sing-what-you-want.mp3,Reported episode number differs from date-order sequence,
2023,4,2023-01-23,file-modified-year+filename+year-folder,2,,local-only,,local,2023/20230123_E02.mp3,2023/20230123_E02.mp3,Master/2023/01/2023-01-23__S2023E004__episode.mp3,Title missing from embedded metadata | Reported episode number differs from date-order sequence,
2023,5,2023-01-25,rss,2,Is It Enough?,rss-only,ep-002-da06aed69a,rss,https://dts.podtrac.com/redirect.mp3/livefromthepath.org/wp-content/uploads/2023/01/2023_Episode02-01-Start.mp3,,Master/2023/01/2023-01-25__S2023E005__is-it-enough.mp3,Reported episode number differs from date-order sequence,
2023,6,2023-02-01,rss,3,Thee Uncommon,confirmed,ep-003-96c34a5772,rss,https://dts.podtrac.com/redirect.mp3/livefromthepath.org/wp-content/uploads/2023/01/2023_Episode05_ep495-01-Start.mp3,2023/2023_Episode03_ep495 - 01 Start.mp3,Master/2023/02/2023-02-01__S2023E006__thee-uncommon.mp3,Reported episode number differs from date-order sequence,
2023,7,2023-02-10,rss,4,QuickTrip Johnson,confirmed,ep-004-a1085a8127,rss,https://dts.podtrac.com/redirect.mp3/livefromthepath.org/wp-content/uploads/2023/02/2023_Episode04_ep496-01-Start.mp3,2023/2023_Episode04_ep496 - 01 Start.mp3,Master/2023/02/2023-02-10__S2023E007__quicktrip-johnson.mp3,Reported episode number differs from date-order sequence,
2023,8,2023-03-06,rss,5,Little Things,confirmed,ep-005-8d27497979,rss,https://dts.podtrac.com/redirect.mp3/livefromthepath.org/wp-content/uploads/2023/03/2023_Episode05_ep497-01-Start.mp3,2023/20230227_E05.mp3,Master/2023/03/2023-03-06__S2023E008__little-things.mp3,Reported episode number differs from date-order sequence,
2023,9,2023-03-27,file-modified-year+filename+year-folder,6,,local-only,,local,2023/20230327_E06.mp3,2023/20230327_E06.mp3,Master/2023/03/2023-03-27__S2023E009__episode.mp3,Title missing from embedded metadata | Reported episode number differs from date-order sequence,
2023,10,2023-03-29,rss,6,Show Me The Toes,rss-only,ep-006-269c47e8e4,local-recovery,2023/20230327_E06.mp3,2023/20230327_E06.mp3,Master/2023/03/2023-03-29__S2023E010__show-me-the-toes.mp3,Reported episode number differs from date-order sequence,
2023,11,2023-04-06,rss,7,Charlatan Kings,confirmed,ep-007-f40f3c758b,local-recovery,2023/2023_Episode07_ep499 - 01 Start.mp3,2023/2023_Episode07_ep499 - 01 Start.mp3,Master/2023/04/2023-04-06__S2023E011__charlatan-kings.mp3,Reported episode number differs from date-order sequence,
2023,12,2023-04-28,rss,8,500-ish,rss-only,ep-008-998bae9fb4,rss,https://dts.podtrac.com/redirect.mp3/livefromthepath.org/wp-content/uploads/2023/04/2023_Episode08_ep500-01-Start.mp3,,Master/2023/04/2023-04-28__S2023E012__500-ish.mp3,Reported episode number differs from date-order sequence,
2023,13,2023-05-11,rss,9,$20 and a Dilly Bar,confirmed,ep-009-d565002b68,rss,https://dts.podtrac.com/redirect.mp3/livefromthepath.org/wp-content/uploads/2023/05/2023_Episode09_ep501-01-Start.mp3,2023/LFTP_2023_Episode9_v3 - 10.mp3,Master/2023/05/2023-05-11__S2023E013__20-and-a-dilly-bar.mp3,Reported episode number differs from date-order sequence,
2023,14,2023-05-19,rss,10,Regrets,rss-only,ep-010-d064f40b4d,rss,https://dts.podtrac.com/redirect.mp3/livefromthepath.org/wp-content/uploads/2023/05/2023_Episode10_ep502-01-Start.mp3,,Master/2023/05/2023-05-19__S2023E014__regrets.mp3,Reported episode number differs from date-order sequence,
2023,15,2023-05-31,rss,11,Nothing More Than Feelings,rss-only,ep-011-0ed1ab6b61,rss,https://dts.podtrac.com/redirect.mp3/livefromthepath.org/wp-content/uploads/2023/05/2023_Episode11_ep503-01-Start.mp3,,Master/2023/05/2023-05-31__S2023E015__nothing-more-than-feelings.mp3,Reported episode number differs from date-order sequence,
2023,16,2023-06-13,rss,12,The Tennessee Birdwalk,rss-only,ep-012-9b603b275f,rss,https://dts.podtrac.com/redirect.mp3/livefromthepath.org/wp-content/uploads/2023/06/2023_Episode12_ep504-01-Start.mp3,,Master/2023/06/2023-06-13__S2023E016__the-tennessee-birdwalk.mp3,Reported episode number differs from date-order sequence,
2023,17,2023-06-21,rss,13,The Legacy List,rss-only,ep-013-9ffe7781cb,rss,https://dts.podtrac.com/redirect.mp3/livefromthepath.org/wp-content/uploads/2023/06/2023_Episode13_ep505-01-Start.mp3,,Master/2023/06/2023-06-21__S2023E017__the-legacy-list.mp3,Reported episode number differs from date-order sequence,
2023,18,2023-07-06,rss,14,Cut and Colby-Jacked,rss-only,ep-014-d3ac6d46a0,rss,https://dts.podtrac.com/redirect.mp3/livefromthepath.org/wp-content/uploads/2023/07/2023_Episode14_ep506-01-Start.mp3,,Master/2023/07/2023-07-06__S2023E018__cut-and-colby-jacked.mp3,Reported episode number differs from date-order sequence,
2023,19,2023-07-14,rss,15,All Five Sentences,rss-only,ep-015-959aef9462,rss,https://dts.podtrac.com/redirect.mp3/livefromthepath.org/wp-content/uploads/2023/07/2023_Episode15_ep507-01-Start.mp3,,Master/2023/07/2023-07-14__S2023E019__all-five-sentences.mp3,Reported episode number differs from date-order sequence,
2023,20,2023-07-26,rss,16,When Evil Strikes,rss-only,ep-016-f12334feef,rss,https://dts.podtrac.com/redirect.mp3/livefromthepath.org/wp-content/uploads/2023/07/2023_Episode16_ep508-01-Start.mp3,,Master/2023/07/2023-07-26__S2023E020__when-evil-strikes.mp3,Reported episode number differs from date-order sequence,
2023,21,2023-08-07,rss,17,A Bit Cavalier,rss-only,ep-017-4da0d85c53,rss,https://dts.podtrac.com/redirect.mp3/livefromthepath.org/wp-content/uploads/2023/08/2023_Episode17_ep509-01-Start.mp3,,Master/2023/08/2023-08-07__S2023E021__a-bit-cavalier.mp3,Reported episode number differs from date-order sequence,
2023,22,2023-08-24,rss,18,"Saul, Naturally",rss-only,ep-018-9720a9ea62,rss,https://dts.podtrac.com/redirect.mp3/livefromthepath.org/wp-content/uploads/2023/08/2023_Episode18_ep510.mp3,,Master/2023/08/2023-08-24__S2023E022__saul-naturally.mp3,Reported episode number differs from date-order sequence,
2023,23,2023-09-02,rss,19,Because of Fussy and Fuzzy,rss-only,ep-019-77383b667c,rss,https://dts.podtrac.com/redirect.mp3/livefromthepath.org/wp-content/uploads/2023/08/2023_Episode19_ep511.mp3,,Master/2023/09/2023-09-02__S2023E023__because-of-fussy-and-fuzzy.mp3,Reported episode number differs from date-order sequence,
2023,24,2023-09-13,rss,20,One and Three,rss-only,ep-020-59dd7f6d67,rss,https://dts.podtrac.com/redirect.mp3/livefromthepath.org/wp-content/uploads/2023/09/2023_Episode20_ep512-01-Start.mp3,,Master/2023/09/2023-09-13__S2023E024__one-and-three.mp3,Reported episode number differs from date-order sequence,
2023,25,2023-09-20,rss,21,What’s in a Name,confirmed,ep-021-35718f94b0,rss,https://dts.podtrac.com/redirect.mp3/livefromthepath.org/wp-content/uploads/2023/09/LFTP_2023_Episode21_v2%20-%2006.mp3,2023/LFTP_2023_Episode21_v1 - 06.mp3,Master/2023/09/2023-09-20__S2023E025__what-s-in-a-name.mp3,Reported episode number differs from date-order sequence,
2023,26,2023-09-26,rss,22,The Caduce,rss-only,ep-022-5c3012d29b,rss,https://dts.podtrac.com/redirect.mp3/livefromthepath.org/wp-content/uploads/2023/09/2023_Episode22_ep514-01-Start.mp3,,Master/2023/09/2023-09-26__S2023E026__the-caduce.mp3,Reported episode number differs from date-order sequence,
2023,27,2023-10-18,rss,23,Raisin Cakes,confirmed,ep-023-3ff77f5045,rss,https://dts.podtrac.com/redirect.mp3/livefromthepath.org/wp-content/uploads/2023/10/2023_Episode23_ep515-01-Start.mp3,2023/2023_Episode23_ep515/2023_Episode23_ep515 - 01 Start.mp3,Master/2023/10/2023-10-18__S2023E027__raisin-cakes.mp3,Reported episode number differs from date-order sequence,
2023,28,2023-10-31,rss,24,A Gray Area,confirmed,ep-024-7a7648d733,rss,https://dts.podtrac.com/redirect.mp3/livefromthepath.org/wp-content/uploads/2023/10/2023_Episode24_ep516-01-Start.mp3,2023/S2023 E24.mp3,Master/2023/10/2023-10-31__S2023E028__a-gray-area.mp3,Reported episode number differs from date-order sequence,
2023,29,2023-11-08,rss,25,Guy Man Dude,confirmed,ep-025-334d8aefe8,rss,https://dts.podtrac.com/redirect.mp3/livefromthepath.org/wp-content/uploads/2023/11/2023_Episode25_ep517%20-%2001%20Start.mp3,2023/2023_Episode25_ep517/2023_Episode25_ep517 - 01 Start.mp3,Master/2023/11/2023-11-08__S2023E029__guy-man-dude.mp3,Reported episode number differs from date-order sequence,
2023,30,2023-11-17,rss,26,"She Knows, Right?",confirmed,ep-026-8ca3971a18,rss,https://dts.podtrac.com/redirect.mp3/livefromthepath.org/wp-content/uploads/2023/11/2023_Episode26_ep518%20-%2001%20Start.mp3,2023/2023_Episode26_ep518/2023_Episode26_ep518 - 01 Start.mp3,Master/2023/11/2023-11-17__S2023E030__she-knows-right.mp3,Reported episode number differs from date-order sequence,
2023,31,2023-11-29,rss,27,Empty Smith,confirmed,ep-027-6376f4081e,rss,https://dts.podtrac.com/redirect.mp3/livefromthepath.org/wp-content/uploads/2023/11/2023_Episode27_ep519_v2%20-%2001%20Start.mp3,2023/LFTP_2023_Episode27_v2 - 03.mp3,Master/2023/11/2023-11-29__S2023E031__empty-smith.mp3,Reported episode number differs from date-order sequence,
2023,32,2023-12-08,rss,28,Saying Flesh,confirmed,ep-028-d12593cf02,rss,https://dts.podtrac.com/redirect.mp3/livefromthepath.org/wp-content/uploads/2023/12/2023_Episode28_ep520%20-%2001%20Start.mp3,,Master/2023/12/2023-12-08__S2023E032__saying-flesh.mp3,Reported episode number differs from date-order sequence,
2023,33,2023-12-18,rss,29,Beyond Despacito,confirmed,ep-029-e78ba61e8c,rss,https://dts.podtrac.com/redirect.mp3/livefromthepath.org/wp-content/uploads/2023/12/2023_Episode29_ep521%20-%2001%20Start.mp3,,Master/2023/12/2023-12-18__S2023E033__beyond-despacito.mp3,Reported episode number differs from date-order sequence,
2023,34,,unresolved,27,,local-only,,local,2023/LFTP_2023_Episode27_v1 - 01 Start.mp3,2023/LFTP_2023_Episode27_v1 - 01 Start.mp3,Master/2023/00-unknown-date/2023-00-00__S2023E034__episode.mp3,Embedded title appears to be a repeated/default tag; title unresolved | Reported episode number differs from date-order sequence,Exact episode date unresolved
2023,35,,unresolved,30,,local-only,,local,2023/LFTP_2023_Episode30_v1 - 08.mp3,2023/LFTP_2023_Episode30_v1 - 08.mp3,Master/2023/00-unknown-date/2023-00-00__S2023E035__episode.mp3,Embedded title appears to be a repeated/default tag; title unresolved | Reported episode number differs from date-order sequence,Exact episode date unresolved
2024,1,2024-01-03,rss,30,Pastor Rico Suave,rss-only,ep-030-9db3882c8e,rss,https://dts.podtrac.com/redirect.mp3/livefromthepath.org/wp-content/uploads/2023/12/2023_Episode30_ep522%20-%2001%20Start.mp3,,Master/2024/01/2024-01-03__S2024E001__pastor-rico-suave.mp3,Reported episode number differs from date-order sequence,
2024,2,2024-01-16,rss,1,A Confession,rss-only,ep-001-452c2f0173,rss,https://dts.podtrac.com/redirect.mp3/livefromthepath.org/wp-content/uploads/2024/01/2024_Episode01.mp3,,Master/2024/01/2024-01-16__S2024E002__a-confession.mp3,Reported episode number differs from date-order sequence,
2024,3,2024-01-29,file-modified-year+filename+year-folder,1,,local-only,,local,2024/20240129_E01.mp3,2024/20240129_E01.mp3,Master/2024/01/2024-01-29__S2024E003__episode.mp3,Title missing from embedded metadata | Reported episode number differs from date-order sequence,
2024,4,2024-01-30,rss,2,Jesus Blocked the Jukebox,rss-only,ep-002-2204525fe6,rss,https://dts.podtrac.com/redirect.mp3/livefromthepath.org/wp-content/uploads/2024/01/2024_Episode02_ep525%20-%2001%20Start.mp3,,Master/2024/01/2024-01-30__S2024E004__jesus-blocked-the-jukebox.mp3,Reported episode number differs from date-order sequence,
2024,5,2024-02-06,rss,3,Folk Ain’t Happy,rss-only,ep-003-e514a5a37b,rss,https://dts.podtrac.com/redirect.mp3/livefromthepath.org/wp-content/uploads/2024/02/2024_Episode03_ep526-01-Start.mp3,,Master/2024/02/2024-02-06__S2024E005__folk-ain-t-happy.mp3,Reported episode number differs from date-order sequence,
2024,6,2024-02-20,rss,4,He Gets Us…Again,rss-only,ep-004-5c80346641,rss,https://dts.podtrac.com/redirect.mp3/livefromthepath.org/wp-content/uploads/2024/02/2024Episode04.mp3,,Master/2024/02/2024-02-20__S2024E006__he-gets-us-again.mp3,Reported episode number differs from date-order sequence,
2024,7,2024-02-27,rss,5,Bring Your Purse to Brunch,rss-only,ep-005-5ad2669fad,rss,https://dts.podtrac.com/redirect.mp3/livefromthepath.org/wp-content/uploads/2024/02/20240216_Episode05_528-01-Start.mp3,,Master/2024/02/2024-02-27__S2024E007__bring-your-purse-to-brunch.mp3,Reported episode number differs from date-order sequence,
2024,8,2024-03-05,rss,6,Biking with Billy Shatner,rss-only,ep-006-86faae3919,rss,https://dts.podtrac.com/redirect.mp3/livefromthepath.org/wp-content/uploads/2024/03/20240304Episode06_529-01-Start.mp3,,Master/2024/03/2024-03-05__S2024E008__biking-with-billy-shatner.mp3,Reported episode number differs from date-order sequence,
2024,9,2024-03-12,rss,7,This Is Not Love,rss-only,ep-007-c7536a243d,rss,https://dts.podtrac.com/redirect.mp3/livefromthepath.org/wp-content/uploads/2024/03/20240311Episode07_530-01-Start.mp3,,Master/2024/03/2024-03-12__S2024E009__this-is-not-love.mp3,Reported episode number differs from date-order sequence,
2024,10,2024-03-26,rss,8,Handshakes and Wrongness,rss-only,ep-008-c9f8c18254,rss,https://dts.podtrac.com/redirect.mp3/livefromthepath.org/wp-content/uploads/2024/03/20240325Episode08_531-01-Start.mp3,,Master/2024/03/2024-03-26__S2024E010__handshakes-and-wrongness.mp3,Reported episode number differs from date-order sequence,
2024,11,2024-04-02,rss,9,Asking AI Lamech,rss-only,ep-009-09625fdaa1,rss,https://dts.podtrac.com/redirect.mp3/livefromthepath.org/wp-content/uploads/2024/04/20240401Episode09_532-01-Start.mp3,,Master/2024/04/2024-04-02__S2024E011__asking-ai-lamech.mp3,Reported episode number differs from date-order sequence,
2024,12,2024-04-16,rss,10,Secrets and Topless Dudes,rss-only,ep-010-cc97c82b11,rss,https://dts.podtrac.com/redirect.mp3/livefromthepath.org/wp-content/uploads/2024/04/20240415Episode10_533-01-Start.mp3,,Master/2024/04/2024-04-16__S2024E012__secrets-and-topless-dudes.mp3,Reported episode number differs from date-order sequence,
2024,13,2024-04-23,rss,11,Angels and Blessings,rss-only,ep-011-a9eda16cb8,rss,https://dts.podtrac.com/redirect.mp3/livefromthepath.org/wp-content/uploads/2024/04/20240422Episode11_534-01-Start.mp3,,Master/2024/04/2024-04-23__S2024E013__angels-and-blessings.mp3,Reported episode number differs from date-order sequence,
2024,14,2024-05-07,rss,13,"First Death, Then Resurrection",rss-only,ep-013-24b57e7021,rss,https://dts.podtrac.com/redirect.mp3/livefromthepath.org/wp-content/uploads/2024/05/20240506Episode12_535-01-Start.mp3,,Master/2024/05/2024-05-07__S2024E014__first-death-then-resurrection.mp3,Reported episode number differs from date-order sequence,
2024,15,2024-05-28,rss,14,Enter The McCormick,rss-only,ep-014-1488ae5d70,rss,https://dts.podtrac.com/redirect.mp3/livefromthepath.org/wp-content/uploads/2024/05/20240422Episode13_536-01-Start.mp3,,Master/2024/05/2024-05-28__S2024E015__enter-the-mccormick.mp3,Reported episode number differs from date-order sequence,
2024,16,2024-06-04,rss,15,Know Self Control,rss-only,ep-015-28bf70b8f3,rss,https://dts.podtrac.com/redirect.mp3/livefromthepath.org/wp-content/uploads/2024/06/20240603Episode14_537-01-Start.mp3,,Master/2024/06/2024-06-04__S2024E016__know-self-control.mp3,Reported episode number differs from date-order sequence,
2024,17,2024-06-11,rss,15,Just For The Taste Of It,rss-only,ep-015-8adbe0544f,rss,https://dts.podtrac.com/redirect.mp3/livefromthepath.org/wp-content/uploads/2024/06/20240610Episode15_538-01-Start.mp3,,Master/2024/06/2024-06-11__S2024E017__just-for-the-taste-of-it.mp3,Reported episode number differs from date-order sequence,
2024,18,2024-06-18,rss,17,Murph and the End,rss-only,ep-017-6bcc62d5f4,rss,https://dts.podtrac.com/redirect.mp3/livefromthepath.org/wp-content/uploads/2024/06/20240617Episode16_539-01-Start.mp3,,Master/2024/06/2024-06-18__S2024E018__murph-and-the-end.mp3,Reported episode number differs from date-order sequence,
2024,19,2024-07-02,rss,18,You Can Buy Me Phalanges,rss-only,ep-018-fed9a90cae,rss,https://dts.podtrac.com/redirect.mp3/livefromthepath.org/wp-content/uploads/2024/07/20240701Episode17_540-01-Start.mp3,,Master/2024/07/2024-07-02__S2024E019__you-can-buy-me-phalanges.mp3,Reported episode number differs from date-order sequence,
2024,20,2024-07-16,rss,19,The Antagonistic Bison,rss-only,ep-019-80a483833c,rss,https://dts.podtrac.com/redirect.mp3/livefromthepath.org/wp-content/uploads/2024/07/20240701Episode18_541-01-Start.mp3,,Master/2024/07/2024-07-16__S2024E020__the-antagonistic-bison.mp3,Reported episode number differs from date-order sequence,
2024,21,2024-07-23,rss,20,Solo Contendere,rss-only,ep-020-72ca27353b,rss,https://dts.podtrac.com/redirect.mp3/livefromthepath.org/wp-content/uploads/2024/07/20240722Episode19_542-01-Start.mp3,,Master/2024/07/2024-07-23__S2024E021__solo-contendere.mp3,Reported episode number differs from date-order sequence,
2024,22,2024-07-30,rss,21,The Olympic Supper Club,rss-only,ep-021-486953df0f,rss,https://dts.podtrac.com/redirect.mp3/livefromthepath.org/wp-content/uploads/2024/07/20240729Episode20_543-01-Start.mp3,,Master/2024/07/2024-07-30__S2024E022__the-olympic-supper-club.mp3,Reported episode number differs from date-order sequence,
2024,23,2024-08-06,rss,22,The Bible Confuseth,rss-only,ep-022-0c6acadff0,rss,https://dts.podtrac.com/redirect.mp3/livefromthepath.org/wp-content/uploads/2024/08/20240729Episode21_544-01-Start.mp3,,Master/2024/08/2024-08-06__S2024E023__the-bible-confuseth.mp3,Reported episode number differs from date-order sequence,
2024,24,2024-08-20,rss,22,Weekend At Bildad’s,rss-only,ep-022-4ae7dd3bc1,rss,https://dts.podtrac.com/redirect.mp3/livefromthepath.org/wp-content/uploads/2024/08/20240819Episode22_545-01-Start.mp3,,Master/2024/08/2024-08-20__S2024E024__weekend-at-bildad-s.mp3,Reported episode number differs from date-order sequence,
2024,25,2024-08-27,rss,24,Birdcage,rss-only,ep-024-ef4af15f08,rss,https://dts.podtrac.com/redirect.mp3/livefromthepath.org/wp-content/uploads/2024/08/20240819Episode23_546-01-Start.mp3,,Master/2024/08/2024-08-27__S2024E025__birdcage.mp3,Reported episode number differs from date-order sequence,
2024,26,2024-09-10,rss,25,Justice is Mine,rss-only,ep-025-b84af4ab58,rss,https://dts.podtrac.com/redirect.mp3/livefromthepath.org/wp-content/uploads/2024/09/20240909Episode24_547-01-Start.mp3,,Master/2024/09/2024-09-10__S2024E026__justice-is-mine.mp3,Reported episode number differs from date-order sequence,
2024,27,2024-09-17,rss,26,Why Not The Second Heaven,rss-only,ep-026-ba10625f7b,rss,https://dts.podtrac.com/redirect.mp3/livefromthepath.org/wp-content/uploads/2024/09/20240916Episode25_548-01-Start.mp3,,Master/2024/09/2024-09-17__S2024E027__why-not-the-second-heaven.mp3,Reported episode number differs from date-order sequence,
2024,28,2024-09-24,rss,27,The Peruvian Gambling Ring,rss-only,ep-027-5dfd961071,rss,https://dts.podtrac.com/redirect.mp3/livefromthepath.org/wp-content/uploads/2024/09/20240923Episode26_549-01-Start.mp3,,Master/2024/09/2024-09-24__S2024E028__the-peruvian-gambling-ring.mp3,Reported episode number differs from date-order sequence,
2024,29,2024-10-01,rss,28,Britches in Heaven,rss-only,ep-028-2b160cc29a,rss,https://dts.podtrac.com/redirect.mp3/livefromthepath.org/wp-content/uploads/2024/09/20240930Episode27_550-01-Start.mp3,,Master/2024/10/2024-10-01__S2024E029__britches-in-heaven.mp3,Reported episode number differs from date-order sequence,
2024,30,2024-10-22,rss,29,Wisdom and Wonder,rss-only,ep-029-3a2e4da18a,rss,https://dts.podtrac.com/redirect.mp3/livefromthepath.org/wp-content/uploads/2024/10/20241021Episode28_551-01-Start-1.mp3,,Master/2024/10/2024-10-22__S2024E030__wisdom-and-wonder.mp3,Reported episode number differs from date-order sequence,
2024,31,2024-10-29,rss,30,By Invitation Only,rss-only,ep-030-98017142e4,rss,https://dts.podtrac.com/redirect.mp3/livefromthepath.org/wp-content/uploads/2024/10/20241021Episode29_552-01-Start.mp3,,Master/2024/10/2024-10-29__S2024E031__by-invitation-only.mp3,Reported episode number differs from date-order sequence,
2024,32,2024-11-19,rss,31,For God or With God,rss-only,ep-031-476fa2ebed,rss,https://dts.podtrac.com/redirect.mp3/livefromthepath.org/wp-content/uploads/2024/11/20241021Episode31_554-01-Start.mp3,,Master/2024/11/2024-11-19__S2024E032__for-god-or-with-god.mp3,Reported episode number differs from date-order sequence,
2024,33,2024-11-26,rss,32,Tales with Dirk,rss-only,ep-032-e3ff89af4c,rss,https://dts.podtrac.com/redirect.mp3/livefromthepath.org/wp-content/uploads/2024/11/20241021Episode32_555-01-Start.mp3,,Master/2024/11/2024-11-26__S2024E033__tales-with-dirk.mp3,Reported episode number differs from date-order sequence,
2024,34,2024-12-03,rss,33,Artificial Holy Spirit Intelligence,rss-only,ep-033-534d108a0c,rss,https://dts.podtrac.com/redirect.mp3/livefromthepath.org/wp-content/uploads/2024/12/20241021Episode33_556-01-Start.mp3,,Master/2024/12/2024-12-03__S2024E034__artificial-holy-spirit-intelligence.mp3,Reported episode number differs from date-order sequence,
2024,35,2024-12-17,rss,34,Are We Ready?,rss-only,ep-034-913154211b,rss,https://dts.podtrac.com/redirect.mp3/livefromthepath.org/wp-content/uploads/2024/12/20241216Episode34-01-Start.mp3,,Master/2024/12/2024-12-17__S2024E035__are-we-ready.mp3,Reported episode number differs from date-order sequence,
2025,1,2025-01-07,rss,1,Ballad of Vince Parsons,rss-only,ep-001-e960c2cbd9,rss,https://dts.podtrac.com/redirect.mp3/livefromthepath.org/wp-content/uploads/2025/01/20250106Episode01-01-Start.mp3,,Master/2025/01/2025-01-07__S2025E001__ballad-of-vince-parsons.mp3,,
2025,2,2025-01-07,rss,,Ballad of Vince Parsons,rss-only,ballad-of-vince-parsons-b6c371bd96,rss,https://dts.podtrac.com/redirect.mp3/livefromthepath.org/download-episode/18205/ballad-of-vince-parsons.mp3,,Master/2025/01/2025-01-07__S2025E002__ballad-of-vince-parsons.mp3,,
2025,3,2025-01-14,rss,2,BeliefNet.Org.Com,rss-only,ep-002-c44876e0d4,rss,https://dts.podtrac.com/redirect.mp3/media.livefromthepath.org/wp-content/uploads/remastered/2025/01/20250113Episode02-01-Start.mp3,,Master/2025/01/2025-01-14__S2025E003__beliefnet-org-com.mp3,Reported episode number differs from date-order sequence,
2025,4,2025-02-04,rss,3,Affirming the Nasty Part,rss-only,ep-003-173e77548e,rss,https://dts.podtrac.com/redirect.mp3/media.livefromthepath.org/wp-content/uploads/remastered/2025/02/20250113Episode03-01-Start.mp3,,Master/2025/02/2025-02-04__S2025E004__affirming-the-nasty-part.mp3,Reported episode number differs from date-order sequence,
2025,5,2025-03-04,rss,4,The Bog Witch,rss-only,ep-004-0f6e64322c,rss,https://dts.podtrac.com/redirect.mp3/media.livefromthepath.org/wp-content/uploads/remastered/2025/03/2025ep4-01-Start.mp3,,Master/2025/03/2025-03-04__S2025E005__the-bog-witch.mp3,Reported episode number differs from date-order sequence,
2025,6,2025-03-25,rss,5,The Simple Life,rss-only,ep-005-4a5d7ef915,rss,https://dts.podtrac.com/redirect.mp3/livefromthepath.org/wp-content/uploads/2025/03/20250324_E05-01-Start.mp3,,Master/2025/03/2025-03-25__S2025E006__the-simple-life.mp3,Reported episode number differs from date-order sequence,
2025,7,2025-04-08,rss,6,The Aslan Wears Prada,rss-only,ep-006-827a963194,rss,https://dts.podtrac.com/redirect.mp3/livefromthepath.org/wp-content/uploads/2025/04/2025ep6-01-Start.mp3,,Master/2025/04/2025-04-08__S2025E007__the-aslan-wears-prada.mp3,Reported episode number differs from date-order sequence,
2025,8,2025-04-15,rss,7,A Christian Mid-Life Crisis,rss-only,ep-007-7e7fa93ff6,rss,https://dts.podtrac.com/redirect.mp3/livefromthepath.org/wp-content/uploads/2025/04/20250324_E07-01-Start.mp3,,Master/2025/04/2025-04-15__S2025E008__a-christian-mid-life-crisis.mp3,Reported episode number differs from date-order sequence,
2025,9,2025-04-22,rss,8,Pope Reese Bobby,rss-only,ep-008-20a199e68a,rss,https://dts.podtrac.com/redirect.mp3/livefromthepath.org/wp-content/uploads/2025/04/20250324_E08-01-Start.mp3,,Master/2025/04/2025-04-22__S2025E009__pope-reese-bobby.mp3,Reported episode number differs from date-order sequence,
2025,10,2025-04-29,rss,9,Mehna Mehna,rss-only,ep-009-b9df9f5524,rss,https://dts.podtrac.com/redirect.mp3/livefromthepath.org/wp-content/uploads/2025/04/20250428_E09-01-Start.mp3,,Master/2025/04/2025-04-29__S2025E010__mehna-mehna.mp3,Reported episode number differs from date-order sequence,
2025,11,2025-05-06,rss,10,3 Songwriters Walk Into a Show,rss-only,ep-010-eae4cd9b9a,rss,https://dts.podtrac.com/redirect.mp3/livefromthepath.org/wp-content/uploads/2025/05/20250505_E10-01-Start.mp3,,Master/2025/05/2025-05-06__S2025E011__3-songwriters-walk-into-a-show.mp3,Reported episode number differs from date-order sequence,
2025,12,2025-05-20,rss,11,Chill Out,rss-only,ep-011-9957399138,rss,https://dts.podtrac.com/redirect.mp3/livefromthepath.org/wp-content/uploads/2025/05/20250519_E11-01-Start.mp3,,Master/2025/05/2025-05-20__S2025E012__chill-out.mp3,Reported episode number differs from date-order sequence,
2025,13,2025-05-27,rss,12,The Answer is Liverpool,rss-only,ep-012-ee54396395,rss,https://dts.podtrac.com/redirect.mp3/livefromthepath.org/wp-content/uploads/2025/05/20250519_E12-01-Start.mp3,,Master/2025/05/2025-05-27__S2025E013__the-answer-is-liverpool.mp3,Reported episode number differs from date-order sequence,
2025,14,2025-06-24,rss,13,Enter the McCormick II,rss-only,ep-013-af95cf7e91,rss,https://dts.podtrac.com/redirect.mp3/livefromthepath.org/wp-content/uploads/2025/06/20250623_E13-01-Start.mp3,,Master/2025/06/2025-06-24__S2025E014__enter-the-mccormick-ii.mp3,Reported episode number differs from date-order sequence,
2025,15,2025-07-01,rss,14,Raptors and Heifers,rss-only,ep-014-ae95379844,rss,https://dts.podtrac.com/redirect.mp3/livefromthepath.org/wp-content/uploads/2025/06/20250630_E14-01-Start.mp3,,Master/2025/07/2025-07-01__S2025E015__raptors-and-heifers.mp3,Reported episode number differs from date-order sequence,
2025,16,2025-07-22,rss,15,Boova Redux,rss-only,ep-015-14a1b1eef6,rss,https://dts.podtrac.com/redirect.mp3/livefromthepath.org/wp-content/uploads/2025/07/20250721_E15-01-Start.mp3,,Master/2025/07/2025-07-22__S2025E016__boova-redux.mp3,Reported episode number differs from date-order sequence,
2025,17,2025-08-12,rss,16,What The Hat,rss-only,ep-016-a9dad06db2,rss,https://dts.podtrac.com/redirect.mp3/livefromthepath.org/wp-content/uploads/2025/08/20250811_E16-01-Start.mp3,,Master/2025/08/2025-08-12__S2025E017__what-the-hat.mp3,Reported episode number differs from date-order sequence,
2025,18,2025-08-19,rss,17,On the Couch,rss-only,ep-017-345b6d2c6b,rss,https://dts.podtrac.com/redirect.mp3/livefromthepath.org/wp-content/uploads/2025/08/20250811_E17-01-Start.mp3,,Master/2025/08/2025-08-19__S2025E018__on-the-couch.mp3,Reported episode number differs from date-order sequence,
2025,19,2025-08-26,rss,18,Talk Less,rss-only,ep-018-ccb45eb187,rss,https://dts.podtrac.com/redirect.mp3/livefromthepath.org/wp-content/uploads/2025/08/Episode18_clean_v23_no_meta.mp3,,Master/2025/08/2025-08-26__S2025E019__talk-less.mp3,Reported episode number differs from date-order sequence,
2025,20,2025-09-16,rss,19,Like Jesus,rss-only,ep-019-1970441d6e,rss,https://dts.podtrac.com/redirect.mp3/livefromthepath.org/wp-content/uploads/2025/09/2025_Episode19-01-Start.mp3,,Master/2025/09/2025-09-16__S2025E020__like-jesus.mp3,Reported episode number differs from date-order sequence,
2025,21,2025-09-23,rss,20,Up Late,rss-only,ep-020-948005a37e,rss,https://dts.podtrac.com/redirect.mp3/livefromthepath.org/wp-content/uploads/2025/09/20250922_E20.mp3-01-Start.mp3,,Master/2025/09/2025-09-23__S2025E021__up-late.mp3,Reported episode number differs from date-order sequence,
2025,22,2025-10-07,rss,21,The Smattering,rss-only,ep-021-b2d83986cc,rss,https://dts.podtrac.com/redirect.mp3/livefromthepath.org/wp-content/uploads/2025/10/20250922_E21.mp3-01-Start.mp3,,Master/2025/10/2025-10-07__S2025E022__the-smattering.mp3,Reported episode number differs from date-order sequence,
2025,23,2025-10-21,rss,22,Luddite From The Path,rss-only,ep-022-df19bed46f,rss,https://dts.podtrac.com/redirect.mp3/livefromthepath.org/wp-content/uploads/2025/10/20251020_E22.mp3-01-Start.mp3,,Master/2025/10/2025-10-21__S2025E023__luddite-from-the-path.mp3,Reported episode number differs from date-order sequence,
2025,24,2025-11-04,rss,23,Rippin’ Heaters,rss-only,ep-023-5e3489a930,rss,https://dts.podtrac.com/redirect.mp3/livefromthepath.org/wp-content/uploads/2025/11/20251103_E23.mp3-01-Start.mp3,,Master/2025/11/2025-11-04__S2025E024__rippin-heaters.mp3,Reported episode number differs from date-order sequence,
2025,25,2025-11-11,rss,24,It’s A Start,rss-only,ep-024-6c0c2a354b,rss,https://dts.podtrac.com/redirect.mp3/livefromthepath.org/wp-content/uploads/2025/11/20251110_E24.mp3-01-Start.mp3,,Master/2025/11/2025-11-11__S2025E025__it-s-a-start.mp3,Reported episode number differs from date-order sequence,
2025,26,2025-11-25,rss,25,Starring Ted Danson as Joab,rss-only,ep-025-9f007ad25f,rss,https://dts.podtrac.com/redirect.mp3/livefromthepath.org/wp-content/uploads/2025/11/20251124_E25.mp3-01-Start.mp3,,Master/2025/11/2025-11-25__S2025E026__starring-ted-danson-as-joab.mp3,Reported episode number differs from date-order sequence,
2025,27,2025-12-09,rss,26,Heartfelt Heresy,rss-only,ep-026-df1b1151e7,rss,https://dts.podtrac.com/redirect.mp3/livefromthepath.org/wp-content/uploads/2025/12/2025_Episode26-01-Start.mp3,,Master/2025/12/2025-12-09__S2025E027__heartfelt-heresy.mp3,Reported episode number differs from date-order sequence,
2025,28,2025-12-23,rss,27,Get A Dog,rss-only,ep-027-fdb52ff883,rss,https://dts.podtrac.com/redirect.mp3/livefromthepath.org/wp-content/uploads/2025/12/20251222_E27.mp3-01-Start.mp3,,Master/2025/12/2025-12-23__S2025E028__get-a-dog.mp3,Reported episode number differs from date-order sequence,
2026,1,2026-01-06,rss,1,"The Spirit, the Goldfish and the Way",rss-only,ep-001-bb5dc05201,rss,https://dts.podtrac.com/redirect.mp3/livefromthepath.org/wp-content/uploads/2026/01/20260105_E01.mp3-01-Start.mp3,,Master/2026/01/2026-01-06__S2026E001__the-spirit-the-goldfish-and-the-way.mp3,,
2026,2,2026-01-13,rss,2,Overexposed,rss-only,ep-002-da21a93ce0,rss,https://dts.podtrac.com/redirect.mp3/livefromthepath.org/wp-content/uploads/2026/01/20260112_E02.mp3-01-Start.mp3,,Master/2026/01/2026-01-13__S2026E002__overexposed.mp3,,
2026,3,2026-01-27,rss,3,Wanted: Paul and Hope | Paul’s Persecution of Christians and Radical Redemption,rss-only,ep-003-5d7294e0e4,rss,https://dts.podtrac.com/redirect.mp3/livefromthepath.org/wp-content/uploads/2026/01/20260126_E03.mp3-01-Start.mp3,,Master/2026/01/2026-01-27__S2026E003__wanted-paul-and-hope-paul-s-persecution-of-christians-and-radical-rede.mp3,,
2026,4,2026-02-03,rss,4,"Not Sure | Old Testament Law, Holy Spirit Guidance, Christian Discernment",rss-only,ep-004-eb9eb1ee24,rss,https://dts.podtrac.com/redirect.mp3/livefromthepath.org/wp-content/uploads/2026/02/20260202_E04.mp3-01-Start.mp3,,Master/2026/02/2026-02-03__S2026E004__not-sure-old-testament-law-holy-spirit-guidance-christian-discernment.mp3,,
2026,5,2026-02-10,rss,5,"Silly Rabbit | Christianity, Culture, and Navigating Social Expectations",rss-only,ep-005-db6713baf6,rss,https://dts.podtrac.com/redirect.mp3/livefromthepath.org/wp-content/uploads/2026/02/20260202_E05.mp3-01-Start.mp3,,Master/2026/02/2026-02-10__S2026E005__silly-rabbit-christianity-culture-and-navigating-social-expectations.mp3,,
2026,6,2026-03-03,rss,6,"Risky Business | Christian Risk-Taking, Community Engagement, Faith in Action",rss-only,ep-006-2e7fd15c5b,rss,https://dts.podtrac.com/redirect.mp3/livefromthepath.org/wp-content/uploads/2026/03/20260302_E06.mp3-01-Start.mp3,,Master/2026/03/2026-03-03__S2026E006__risky-business-christian-risk-taking-community-engagement-faith-in-act.mp3,,
2026,7,2026-03-10,rss,7,My Girl Likes to Holy All the Time | Public Prayer & Worship Culture,rss-only,ep-007-593e405bb7,rss,https://dts.podtrac.com/redirect.mp3/livefromthepath.org/wp-content/uploads/2026/03/20260309_E07.mp3-01-Start.mp3,,Master/2026/03/2026-03-10__S2026E007__my-girl-likes-to-holy-all-the-time-public-prayer-worship-culture.mp3,,
2026,8,2026-03-17,rss,8,"When Vanek Was Here | Cambodia Testimony, Church Mission, Josiah Queen",rss-only,ep-008-863dfd319f,rss,https://dts.podtrac.com/redirect.mp3/livefromthepath.org/wp-content/uploads/2026/03/20260316_E08.mp3-01-Start.mp3,,Master/2026/03/2026-03-17__S2026E008__when-vanek-was-here-cambodia-testimony-church-mission-josiah-queen.mp3,,
2026,9,2026-04-07,rss,9,Split Ends | Interacting with other Denominations,rss-only,ep-009-df33d7d397,rss,https://dts.podtrac.com/redirect.mp3/livefromthepath.org/wp-content/uploads/2026/04/20260406_E09.mp3-01-Start.mp3,,Master/2026/04/2026-04-07__S2026E009__split-ends-interacting-with-other-denominations.mp3,,
2026,10,2026-04-21,rss,10,Nothing Personal,rss-only,ep-010-a233f41e30,rss,https://dts.podtrac.com/redirect.mp3/livefromthepath.org/wp-content/uploads/2026/04/20260420_E10.mp3-01-Start.mp3,,Master/2026/04/2026-04-21__S2026E010__nothing-personal.mp3,,
2026,11,2026-04-28,rss,11,Coffee After Sunday,rss-only,ep-011-92d79fb479,rss,https://dts.podtrac.com/redirect.mp3/livefromthepath.org/wp-content/uploads/2026/04/20260427_E11.mp3-01-Start.mp3,,Master/2026/04/2026-04-28__S2026E011__coffee-after-sunday.mp3,,
2026,12,2026-05-05,rss,12,hypokritēs,rss-only,ep-012-4e5330328f,rss,https://dts.podtrac.com/redirect.mp3/livefromthepath.org/wp-content/uploads/2026/05/20260504_E12.mp3-01-Start.mp3,,Master/2026/05/2026-05-05__S2026E012__hypokrit-s.mp3,,
2026,13,2026-05-12,rss,13,There Must Be A Reason,rss-only,ep-013-bfe0a02448,rss,https://dts.podtrac.com/redirect.mp3/livefromthepath.org/wp-content/uploads/2026/05/20260511_E123mp3-01-Start.mp3,,Master/2026/05/2026-05-12__S2026E013__there-must-be-a-reason.mp3,,
2026,14,2026-05-19,rss,14,Theodore Franco,rss-only,ep-014-acd148f9a3,rss,https://dts.podtrac.com/redirect.mp3/livefromthepath.org/wp-content/uploads/2026/05/20260518_E14.mp3-01-Start.mp3,,Master/2026/05/2026-05-19__S2026E014__theodore-franco.mp3,,
2026,15,2026-06-08,rss,15,My Early Years,rss-only,ep-015-f40ee4d0ed,rss,https://dts.podtrac.com/redirect.mp3/livefromthepath.org/wp-content/uploads/2026/06/MyEarlyYears-1.mp3,,Master/2026/06/2026-06-08__S2026E015__my-early-years.mp3,,
2026,16,2026-06-09,rss,16,Because I Got High,rss-only,ep-016-13854b18ce,rss,https://dts.podtrac.com/redirect.mp3/livefromthepath.org/wp-content/uploads/2026/06/20260608_E15.mp3-01-Start.mp3,,Master/2026/06/2026-06-09__S2026E016__because-i-got-high.mp3,,
2026,17,2026-06-16,rss,17,Do You Hear What I Hear,rss-only,ep-017-f25b1a94eb,rss,https://dts.podtrac.com/redirect.mp3/livefromthepath.org/wp-content/uploads/2026/06/20260608_E17.mp3-01-Start.mp3,,Master/2026/06/2026-06-16__S2026E017__do-you-hear-what-i-hear.mp3,,
2026,18,2026-06-30,rss,,Street Justice,rss-only,street-justice-ad8558f5cd,rss,https://dts.podtrac.com/redirect.mp3/livefromthepath.org/wp-content/uploads/2026/06/20260629_E18_streetjustice.mp3,,Master/2026/06/2026-06-30__S2026E018__street-justice.mp3,,
2026,19,2026-07-14,rss,19,Trust But Verify,rss-only,ep-019-ceafc07dab,rss,https://dts.podtrac.com/redirect.mp3/livefromthepath.org/wp-content/uploads/2026/07/20260713_E19.mp3-01-Start.mp3,,Master/2026/07/2026-07-14__S2026E019__trust-but-verify.mp3,,
2026,20,2026-07-21,rss,20,Mr. Prayer Closet,rss-only,ep-020-4ce5c47f0e,rss,https://dts.podtrac.com/redirect.mp3/livefromthepath.org/wp-content/uploads/2026/07/20260720_E20.mp3-01-Start.mp3,,Master/2026/07/2026-07-21__S2026E020__mr-prayer-closet.mp3,,
2026,21,2026-07-31,rss,,RETRO LFTP: Weekend At Bildad’s,rss-only,retro-lftp-weekend-at-bildad-s-05b305d402,rss,https://dts.podtrac.com/redirect.mp3/livefromthepath.org/wp-content/uploads/2024/08/20240819Episode22_545-01-Start.mp3,,Master/2026/07/2026-07-31__S2026E021__retro-lftp-weekend-at-bildad-s.mp3,,
2026,22,2026-08-11,rss,21,Maybe A Word From God,rss-only,ep-021-988f85fd60,rss,https://dts.podtrac.com/redirect.mp3/livefromthepath.org/wp-content/uploads/2026/08/20260810_E21.mp3-01-Start.mp3,,Master/2026/08/2026-08-11__S2026E022__maybe-a-word-from-god.mp3,Reported episode number differs from date-order sequence,
2026,23,2026-08-25,rss,22,"Emphasis | Accountability, Worship and Praying with Strangers",rss-only,ep-022-095fa26626,rss,https://dts.podtrac.com/redirect.mp3/livefromthepath.org/wp-content/uploads/2026/08/20260826_22-.mp3,,Master/2026/08/2026-08-25__S2026E023__emphasis-accountability-worship-and-praying-with-strangers.mp3,Reported episode number differs from date-order sequence,
2026,24,2026-09-15,rss,23,Call Me Hoopi,rss-only,ep-023-3a9d4e33d3,rss,https://dts.podtrac.com/redirect.mp3/livefromthepath.org/wp-content/uploads/2026/09/20260914_@23-01-Start.mp3,,Master/2026/09/2026-09-15__S2026E024__call-me-hoopi.mp3,Reported episode number differs from date-order sequence,
2026,25,2026-09-22,rss,24,Rage The Elephant,rss-only,ep-024-ff4a23f2b8,rss,https://dts.podtrac.com/redirect.mp3/livefromthepath.org/wp-content/uploads/2026/09/20260921_@24-01-Start.mp3,,Master/2026/09/2026-09-22__S2026E025__rage-the-elephant.mp3,Reported episode number differs from date-order sequence,
,1,,unresolved,,,local-only,,local,BestofLFTP.mp3,BestofLFTP.mp3,Master/unknown/00-unknown-date/unknown-00-00__SunknownE001__episode.mp3,Title missing from embedded metadata | Publication date unresolved,Exact episode date unresolved
